lat,lon,severity,year,hour,casualties,injuries,vehicle_type,day_type
6.421676,2.459034,Serious Injury,2021,18,0,1,Motorcycle,Weekday
6.415005,2.449026,Property Damage,2023,21,0,0,Car,Weekday
6.392779,2.439947,Property Damage,2023,4,0,0,Motorcycle,Weekend
6.389905,2.417241,Property Damage,2024,12,0,0,Motorcycle,Weekday
6.389875,2.457006,Minor Injury,2022,17,0,1,Bicycle,Weekday
6.400681,2.45178,Minor Injury,2023,21,0,1,Motorcycle,Weekday
6.446084,2.41413,Property Damage,2023,7,0,0,Car,Weekday
6.434296,2.46149,Minor Injury,2020,17,0,1,Car,Weekday
6.399024,2.446208,Minor Injury,2024,12,0,2,Bicycle,Weekday
6.390313,2.444981,Serious Injury,2021,9,0,1,Motorcycle,Weekday
6.386483,2.400232,Minor Injury,2024,16,0,2,Bus/Truck,Weekday
6.406695,2.404954,Property Damage,2022,17,0,0,Motorcycle,Weekday
6.392412,2.435777,Serious Injury,2023,12,0,3,Car,Weekday
6.436375,2.440797,Minor Injury,2021,8,0,2,Motorcycle,Weekday
6.393739,2.464308,Property Damage,2022,11,0,0,Motorcycle,Weekend
6.433979,2.460194,Minor Injury,2020,6,0,1,Motorcycle,Weekday
6.411724,2.43002,Minor Injury,2021,16,0,2,Motorcycle,Weekday
6.418718,2.389407,Minor Injury,2022,19,0,2,Motorcycle,Weekend
6.438969,2.461742,Minor Injury,2022,3,0,2,Bicycle,Weekday
6.390596,2.44038,Serious Injury,2022,20,0,2,Car,Weekday
6.393242,2.432027,Serious Injury,2023,11,0,3,Motorcycle,Weekday
6.389547,2.439851,Serious Injury,2022,17,0,2,Motorcycle,Weekday
6.398031,2.461631,Serious Injury,2020,15,0,2,Car,Weekday
6.407432,2.448881,Property Damage,2024,6,0,0,Bicycle,Weekend
6.413215,2.473931,Property Damage,2021,14,0,0,Motorcycle,Weekday
6.394554,2.422905,Serious Injury,2021,16,0,2,Car,Weekday
6.437503,2.457354,Property Damage,2020,14,0,0,Motorcycle,Weekend
6.382398,2.425628,Property Damage,2024,8,0,0,Motorcycle,Weekend
6.409466,2.440717,Minor Injury,2020,7,0,1,Car,Weekday
6.403775,2.42181,Minor Injury,2024,17,0,2,Motorcycle,Weekend
6.429658,2.441421,Property Damage,2022,12,0,0,Motorcycle,Weekday
6.396711,2.401772,Serious Injury,2022,21,0,3,Bicycle,Weekend
6.404332,2.449941,Serious Injury,2024,17,0,3,Motorcycle,Weekday
6.409128,2.464362,Minor Injury,2021,18,0,1,Motorcycle,Weekday
6.434645,2.45644,Minor Injury,2022,9,0,1,Car,Weekend
6.41369,2.415169,Serious Injury,2021,16,0,3,Motorcycle,Weekday
6.418829,2.453787,Minor Injury,2024,20,0,2,Motorcycle,Weekend
6.404796,2.451778,Minor Injury,2020,16,0,1,Motorcycle,Weekday
6.411633,2.448659,Property Damage,2020,5,0,0,Motorcycle,Weekend
6.393135,2.442311,Property Damage,2020,19,0,0,Car,Weekend
6.405218,2.442616,Minor Injury,2022,17,0,2,Bicycle,Weekday
6.404984,2.440724,Minor Injury,2023,12,0,2,Motorcycle,Weekday
6.445236,2.462358,Minor Injury,2024,10,0,1,Car,Weekend
6.410981,2.456217,Minor Injury,2024,11,0,1,Car,Weekday
6.409122,2.448141,Serious Injury,2022,6,0,1,Motorcycle,Weekday
6.412492,2.446693,Minor Injury,2023,17,0,1,Car,Weekend
6.385863,2.462373,Minor Injury,2020,13,0,1,Motorcycle,Weekday
6.408421,2.445853,Minor Injury,2023,17,0,1,Motorcycle,Weekday
6.415146,2.450034,Serious Injury,2022,8,0,3,Motorcycle,Weekday
6.404523,2.437117,Property Damage,2020,20,0,0,Motorcycle,Weekday
6.437377,2.459493,Minor Injury,2024,6,0,1,Bus/Truck,Weekday
6.43755,2.463179,Property Damage,2020,19,0,0,Bicycle,Weekday
6.388069,2.464102,Property Damage,2024,9,0,0,Motorcycle,Weekday
6.391993,2.445388,Minor Injury,2023,13,0,2,Bus/Truck,Weekend
6.44334,2.462269,Property Damage,2023,16,0,0,Car,Weekend
6.400257,2.461175,Property Damage,2022,16,0,0,Motorcycle,Weekday
6.433692,2.449928,Fatal,2024,15,1,1,Car,Weekend
6.406028,2.447924,Minor Injury,2023,13,0,1,Motorcycle,Weekday
6.389643,2.463016,Minor Injury,2022,17,0,1,Bicycle,Weekday
6.387793,2.467442,Minor Injury,2023,18,0,2,Motorcycle,Weekend
6.388267,2.460076,Serious Injury,2021,12,0,2,Car,Weekday
6.384824,2.458233,Minor Injury,2020,8,0,1,Bicycle,Weekday
6.444703,2.457329,Property Damage,2024,18,0,0,Motorcycle,Weekday
6.421737,2.463792,Property Damage,2021,8,0,0,Motorcycle,Weekday
6.409864,2.454232,Property Damage,2022,18,0,0,Car,Weekday
6.407504,2.459162,Property Damage,2021,9,0,0,Car,Weekend
6.394291,2.438085,Minor Injury,2024,10,0,2,Motorcycle,Weekday
6.434713,2.464561,Property Damage,2023,12,0,0,Car,Weekday
6.388132,2.443827,Minor Injury,2020,6,0,1,Motorcycle,Weekday
6.41634,2.462607,Minor Injury,2020,14,0,2,Car,Weekday
6.429313,2.461516,Serious Injury,2021,11,0,3,Bus/Truck,Weekday
6.399913,2.472484,Serious Injury,2023,14,0,3,Motorcycle,Weekday
6.409128,2.448164,Property Damage,2023,10,0,0,Bicycle,Weekday
6.416766,2.448145,Minor Injury,2021,8,0,2,Motorcycle,Weekday
6.402467,2.408176,Serious Injury,2024,19,0,2,Car,Weekday
6.389236,2.438973,Minor Injury,2023,9,0,1,Bus/Truck,Weekday
6.410053,2.452525,Minor Injury,2023,18,0,2,Car,Weekday
6.407554,2.441854,Property Damage,2023,6,0,0,Bus/Truck,Weekday
6.441806,2.460557,Property Damage,2022,15,0,0,Bicycle,Weekday
6.447096,2.470071,Serious Injury,2020,16,0,3,Motorcycle,Weekend
6.397108,2.443788,Fatal,2021,16,1,0,Motorcycle,Weekday
6.436524,2.461791,Fatal,2020,12,2,1,Car,Weekday
6.439501,2.455968,Serious Injury,2023,21,0,1,Car,Weekend
6.41178,2.445808,Minor Injury,2021,18,0,1,Car,Weekday
6.386762,2.461315,Minor Injury,2021,12,0,1,Motorcycle,Weekday
6.390427,2.462522,Serious Injury,2022,17,0,3,Car,Weekday
6.404787,2.440072,Property Damage,2023,10,0,0,Bicycle,Weekend
6.404285,2.440244,Property Damage,2022,17,0,0,Car,Weekday
6.410571,2.474022,Property Damage,2022,15,0,0,Bus/Truck,Weekday
6.432097,2.462594,Minor Injury,2020,15,0,2,Car,Weekend
6.388457,2.458633,Minor Injury,2024,20,0,2,Motorcycle,Weekday
6.407231,2.443437,Minor Injury,2024,17,0,2,Motorcycle,Weekend
6.38794,2.464578,Property Damage,2023,16,0,0,Bicycle,Weekend
6.384984,2.424605,Serious Injury,2022,8,0,1,Car,Weekday
6.416584,2.447871,Property Damage,2024,20,0,0,Motorcycle,Weekday
6.409019,2.443901,Property Damage,2022,15,0,0,Bus/Truck,Weekend
6.407581,2.441392,Minor Injury,2020,16,0,2,Car,Weekend
6.391678,2.442971,Minor Injury,2023,16,0,1,Bus/Truck,Weekday
6.391427,2.420577,Property Damage,2021,19,0,0,Car,Weekend
6.42559,2.457411,Property Damage,2022,17,0,0,Bus/Truck,Weekend
6.389121,2.442526,Property Damage,2024,19,0,0,Car,Weekday
6.440211,2.442094,Property Damage,2024,11,0,0,Car,Weekday
6.383986,2.440982,Serious Injury,2024,12,0,3,Car,Weekend
6.404683,2.442145,Property Damage,2023,15,0,0,Bus/Truck,Weekend
6.404967,2.47123,Minor Injury,2022,5,0,2,Motorcycle,Weekday
6.405805,2.444369,Serious Injury,2023,21,0,3,Car,Weekend
6.40441,2.451811,Minor Injury,2020,13,0,2,Car,Weekend
6.436915,2.464046,Fatal,2022,5,1,1,Motorcycle,Weekday
6.373365,2.46379,Property Damage,2024,8,0,0,Bus/Truck,Weekend
6.406271,2.450072,Property Damage,2023,6,0,0,Car,Weekday
6.412196,2.450229,Property Damage,2020,13,0,0,Motorcycle,Weekday
6.38879,2.436218,Serious Injury,2021,9,0,3,Car,Weekend
6.381606,2.44181,Minor Injury,2020,18,0,2,Car,Weekday
6.40669,2.453529,Property Damage,2020,3,0,0,Motorcycle,Weekend
6.414087,2.444507,Property Damage,2020,16,0,0,Car,Weekday
6.392618,2.459897,Property Damage,2020,13,0,0,Car,Weekday
6.436703,2.458699,Property Damage,2022,20,0,0,Car,Weekday
6.390503,2.440052,Property Damage,2022,5,0,0,Motorcycle,Weekday
6.403978,2.442073,Serious Injury,2022,16,0,3,Motorcycle,Weekend
6.409588,2.452478,Minor Injury,2022,17,0,2,Motorcycle,Weekday
6.401402,2.440628,Property Damage,2024,12,0,0,Motorcycle,Weekday
6.407772,2.45781,Property Damage,2020,21,0,0,Motorcycle,Weekend
6.406114,2.441852,Minor Injury,2024,17,0,2,Motorcycle,Weekday
6.438625,2.461603,Serious Injury,2023,17,0,2,Bicycle,Weekday
6.393878,2.456721,Serious Injury,2022,8,0,1,Bicycle,Weekday
6.391209,2.488536,Property Damage,2024,19,0,0,Motorcycle,Weekday
6.411414,2.451874,Minor Injury,2024,12,0,2,Car,Weekday
6.410044,2.448893,Fatal,2020,9,3,0,Motorcycle,Weekday
6.404085,2.399304,Serious Injury,2020,17,0,3,Motorcycle,Weekday
6.37438,2.423782,Property Damage,2021,5,0,0,Bicycle,Weekday
6.405185,2.456301,Property Damage,2020,7,0,0,Bicycle,Weekday
6.41207,2.451665,Property Damage,2020,7,0,0,Car,Weekday
6.410825,2.454285,Serious Injury,2023,16,0,1,Motorcycle,Weekday
6.382316,2.434495,Serious Injury,2024,7,0,3,Bus/Truck,Weekend
6.392649,2.459879,Minor Injury,2021,14,0,1,Motorcycle,Weekend
6.406668,2.453104,Serious Injury,2021,10,0,2,Bicycle,Weekday
6.409719,2.450269,Minor Injury,2023,6,0,2,Motorcycle,Weekday
6.41033,2.459937,Minor Injury,2021,17,0,1,Bus/Truck,Weekday
6.436763,2.461301,Minor Injury,2023,13,0,2,Bus/Truck,Weekday
6.407691,2.443744,Serious Injury,2023,18,0,1,Car,Weekend
6.401575,2.436445,Minor Injury,2022,17,0,1,Motorcycle,Weekend
6.404801,2.448754,Property Damage,2020,8,0,0,Car,Weekday
6.40459,2.391618,Property Damage,2024,3,0,0,Motorcycle,Weekday
6.406042,2.444487,Serious Injury,2022,9,0,3,Car,Weekday
6.390983,2.428269,Serious Injury,2022,6,0,3,Car,Weekday
6.399544,2.479951,Minor Injury,2020,19,0,1,Motorcycle,Weekday
6.388954,2.445003,Serious Injury,2024,12,0,1,Motorcycle,Weekday
6.415724,2.45241,Minor Injury,2022,12,0,1,Motorcycle,Weekend
6.382563,2.434954,Property Damage,2023,20,0,0,Motorcycle,Weekend
6.401887,2.455809,Property Damage,2021,9,0,0,Bicycle,Weekday
6.389859,2.439405,Minor Injury,2023,6,0,2,Motorcycle,Weekday
6.434514,2.459,Property Damage,2021,17,0,0,Motorcycle,Weekday
6.446883,2.476445,Property Damage,2022,10,0,0,Motorcycle,Weekday
6.408393,2.442037,Serious Injury,2020,13,0,1,Car,Weekday
6.40222,2.442953,Serious Injury,2021,6,0,2,Motorcycle,Weekend
6.421827,2.440648,Property Damage,2023,13,0,0,Car,Weekday
6.387538,2.464586,Property Damage,2022,8,0,0,Car,Weekday
6.428798,2.41607,Minor Injury,2023,7,0,2,Motorcycle,Weekday
6.434184,2.401364,Fatal,2024,3,1,2,Motorcycle,Weekday
6.405324,2.43973,Minor Injury,2022,8,0,1,Motorcycle,Weekday
6.393732,2.439646,Property Damage,2024,17,0,0,Motorcycle,Weekday
6.407723,2.451073,Property Damage,2024,22,0,0,Motorcycle,Weekday
6.410885,2.450136,Property Damage,2024,10,0,0,Bicycle,Weekend
6.38741,2.445506,Minor Injury,2024,18,0,2,Bus/Truck,Weekday
6.386158,2.445099,Minor Injury,2022,14,0,2,Motorcycle,Weekend
6.449764,2.439491,Minor Injury,2021,19,0,1,Motorcycle,Weekday
6.386389,2.444016,Property Damage,2021,17,0,0,Motorcycle,Weekday
6.407476,2.43882,Minor Injury,2024,6,0,2,Car,Weekday
6.439347,2.457122,Minor Injury,2020,15,0,2,Motorcycle,Weekday
6.390768,2.4785,Property Damage,2021,4,0,0,Car,Weekday
6.436616,2.461457,Fatal,2023,17,2,0,Car,Weekday
6.435814,2.460547,Minor Injury,2023,19,0,2,Car,Weekday
6.437649,2.455059,Minor Injury,2022,9,0,2,Car,Weekend
6.450273,2.409772,Minor Injury,2021,6,0,2,Car,Weekday
6.429165,2.419303,Minor Injury,2021,18,0,1,Motorcycle,Weekday
6.40273,2.434804,Property Damage,2021,12,0,0,Motorcycle,Weekday
6.434752,2.445594,Property Damage,2024,5,0,0,Motorcycle,Weekday
6.413628,2.452014,Minor Injury,2024,12,0,2,Car,Weekday
6.409583,2.448931,Serious Injury,2022,14,0,1,Motorcycle,Weekend
6.408651,2.453763,Fatal,2023,8,1,2,Bus/Truck,Weekday
6.447967,2.463871,Serious Injury,2023,21,0,3,Car,Weekday
6.393915,2.443856,Serious Injury,2020,7,0,1,Bus/Truck,Weekend
6.404922,2.442725,Property Damage,2024,17,0,0,Motorcycle,Weekend
6.439584,2.461348,Minor Injury,2024,21,0,2,Car,Weekday
6.391084,2.440588,Property Damage,2023,15,0,0,Car,Weekday
6.375124,2.444023,Property Damage,2023,18,0,0,Car,Weekday
6.434714,2.459282,Serious Injury,2020,10,0,1,Car,Weekday
6.400064,2.408842,Minor Injury,2022,9,0,1,Bus/Truck,Weekday
6.431564,2.460589,Property Damage,2024,0,0,0,Car,Weekday
6.388465,2.442077,Serious Injury,2023,7,0,3,Bicycle,Weekday
6.426399,2.407366,Serious Injury,2021,6,0,1,Motorcycle,Weekday
6.407557,2.442797,Minor Injury,2024,8,0,2,Motorcycle,Weekend
6.38282,2.44231,Minor Injury,2024,19,0,1,Motorcycle,Weekday
6.409861,2.453228,Minor Injury,2022,10,0,2,Car,Weekday
6.405903,2.444252,Minor Injury,2020,14,0,2,Car,Weekend
6.395913,2.422137,Property Damage,2021,18,0,0,Motorcycle,Weekday
6.408156,2.44192,Property Damage,2021,4,0,0,Car,Weekday
6.447403,2.461128,Minor Injury,2020,8,0,1,Bicycle,Weekday
6.411984,2.449868,Minor Injury,2022,19,0,1,Motorcycle,Weekday
6.395717,2.442403,Property Damage,2023,20,0,0,Car,Weekday
6.413333,2.439997,Serious Injury,2020,16,0,3,Car,Weekday
6.409199,2.399804,Serious Injury,2024,14,0,2,Motorcycle,Weekend
6.393,2.463209,Property Damage,2020,6,0,0,Motorcycle,Weekday
6.386501,2.443146,Serious Injury,2023,16,0,3,Bicycle,Weekday
6.402477,2.438339,Property Damage,2021,12,0,0,Motorcycle,Weekday
6.38896,2.458096,Property Damage,2022,21,0,0,Bus/Truck,Weekday
6.440152,2.463782,Minor Injury,2022,16,0,2,Bicycle,Weekday
6.401663,2.454658,Serious Injury,2020,10,0,3,Car,Weekday
6.389322,2.463383,Serious Injury,2024,11,0,3,Bus/Truck,Weekend
6.393146,2.462221,Minor Injury,2023,18,0,2,Motorcycle,Weekend
6.422529,2.395637,Property Damage,2024,17,0,0,Motorcycle,Weekday
6.395216,2.459973,Property Damage,2021,11,0,0,Motorcycle,Weekday
6.391374,2.462033,Serious Injury,2022,23,0,2,Motorcycle,Weekday
6.375353,2.443087,Minor Injury,2021,12,0,1,Motorcycle,Weekday
6.425809,2.41318,Property Damage,2021,12,0,0,Motorcycle,Weekday
6.401861,2.437323,Minor Injury,2021,23,0,1,Car,Weekday
6.369282,2.422847,Minor Injury,2023,18,0,2,Motorcycle,Weekday
6.412701,2.456666,Property Damage,2024,7,0,0,Motorcycle,Weekday
6.443382,2.431052,Fatal,2021,17,2,0,Bus/Truck,Weekend
6.413428,2.447147,Minor Injury,2020,7,0,1,Bicycle,Weekend
6.389694,2.464757,Property Damage,2023,19,0,0,Car,Weekday
6.39517,2.446092,Fatal,2023,18,3,0,Motorcycle,Weekend
6.410265,2.44778,Property Damage,2020,12,0,0,Motorcycle,Weekday
6.391368,2.442531,Fatal,2024,6,3,2,Bus/Truck,Weekday
6.388199,2.455062,Serious Injury,2024,10,0,1,Motorcycle,Weekend
6.403524,2.44422,Property Damage,2022,13,0,0,Motorcycle,Weekday
6.427561,2.432914,Property Damage,2022,20,0,0,Car,Weekday
6.436298,2.460791,Property Damage,2023,7,0,0,Car,Weekday
6.394087,2.463833,Fatal,2022,8,2,0,Motorcycle,Weekday
6.408432,2.442514,Property Damage,2023,21,0,0,Motorcycle,Weekday
6.434576,2.44529,Serious Injury,2022,6,0,2,Bus/Truck,Weekend
6.38286,2.395503,Serious Injury,2023,8,0,2,Car,Weekday
6.391016,2.42199,Property Damage,2020,7,0,0,Bus/Truck,Weekend
6.410721,2.449237,Property Damage,2022,11,0,0,Motorcycle,Weekday
6.402701,2.435949,Fatal,2024,14,1,0,Motorcycle,Weekend
6.407764,2.441512,Fatal,2024,21,1,0,Motorcycle,Weekday
6.433165,2.463686,Minor Injury,2024,0,0,1,Motorcycle,Weekday
6.442169,2.470716,Property Damage,2020,15,0,0,Motorcycle,Weekend
6.407439,2.444599,Serious Injury,2022,19,0,2,Motorcycle,Weekday
6.424096,2.3969,Property Damage,2021,13,0,0,Motorcycle,Weekend
6.395635,2.438246,Property Damage,2023,20,0,0,Car,Weekend
6.403217,2.459301,Minor Injury,2020,1,0,1,Motorcycle,Weekday
6.406416,2.439777,Property Damage,2020,6,0,0,Motorcycle,Weekday
6.404505,2.437816,Property Damage,2024,9,0,0,Motorcycle,Weekday
6.416313,2.395924,Property Damage,2022,17,0,0,Bicycle,Weekday
6.408698,2.451674,Minor Injury,2024,16,0,2,Motorcycle,Weekend
6.39306,2.444628,Minor Injury,2022,7,0,2,Car,Weekday
6.388867,2.460918,Minor Injury,2021,18,0,2,Car,Weekday
6.412141,2.407358,Fatal,2021,18,3,1,Motorcycle,Weekday
6.436824,2.458495,Property Damage,2022,12,0,0,Motorcycle,Weekday
6.391382,2.458513,Serious Injury,2020,7,0,1,Motorcycle,Weekday
6.427232,2.480932,Minor Injury,2022,9,0,2,Motorcycle,Weekday
6.433332,2.45965,Property Damage,2022,12,0,0,Car,Weekday
6.387946,2.440551,Property Damage,2022,15,0,0,Motorcycle,Weekday
6.410611,2.455336,Property Damage,2020,14,0,0,Motorcycle,Weekday
6.401246,2.428571,Property Damage,2020,19,0,0,Bus/Truck,Weekend
6.367126,2.460282,Serious Injury,2020,11,0,3,Bicycle,Weekend
6.448699,2.411812,Minor Injury,2021,16,0,2,Car,Weekday
6.442634,2.448383,Minor Injury,2022,13,0,1,Motorcycle,Weekday
6.378212,2.426944,Serious Injury,2024,16,0,2,Motorcycle,Weekday
6.437215,2.46368,Minor Injury,2020,8,0,1,Bus/Truck,Weekday
6.388675,2.436322,Fatal,2023,16,2,2,Bus/Truck,Weekend
6.410723,2.445079,Serious Injury,2021,8,0,1,Motorcycle,Weekday
6.411733,2.447588,Fatal,2022,15,3,1,Bicycle,Weekend
6.432681,2.458971,Serious Injury,2021,16,0,2,Motorcycle,Weekday
6.388931,2.445676,Property Damage,2024,9,0,0,Car,Weekday
6.41106,2.451905,Serious Injury,2020,10,0,3,Motorcycle,Weekday
6.386313,2.450765,Minor Injury,2021,8,0,1,Car,Weekday
6.437102,2.440824,Fatal,2023,10,1,0,Motorcycle,Weekend
6.387437,2.440259,Property Damage,2023,15,0,0,Bus/Truck,Weekday
6.371289,2.419207,Serious Injury,2023,16,0,1,Bus/Truck,Weekday
6.392934,2.442396,Property Damage,2022,14,0,0,Motorcycle,Weekday
6.413651,2.469733,Property Damage,2022,10,0,0,Motorcycle,Weekend
6.403128,2.457783,Serious Injury,2021,11,0,2,Bus/Truck,Weekday
6.409649,2.448178,Serious Injury,2023,16,0,1,Motorcycle,Weekend
6.379013,2.459308,Property Damage,2024,21,0,0,Motorcycle,Weekday
6.394864,2.440662,Minor Injury,2022,12,0,1,Motorcycle,Weekday
6.41003,2.444938,Serious Injury,2020,6,0,3,Car,Weekday
6.40553,2.411553,Fatal,2020,7,1,2,Car,Weekday
6.421039,2.397664,Serious Injury,2020,15,0,2,Car,Weekend
6.404958,2.462972,Minor Injury,2024,8,0,2,Bus/Truck,Weekend
6.415598,2.457213,Property Damage,2022,14,0,0,Car,Weekday
6.396207,2.44138,Minor Injury,2024,10,0,2,Motorcycle,Weekday
6.43232,2.461354,Minor Injury,2021,7,0,1,Motorcycle,Weekend
6.390331,2.458984,Minor Injury,2022,7,0,2,Car,Weekday
6.40494,2.428546,Serious Injury,2020,15,0,1,Motorcycle,Weekday
6.387511,2.397906,Property Damage,2020,18,0,0,Motorcycle,Weekday
6.434611,2.451811,Property Damage,2024,6,0,0,Car,Weekend
6.432168,2.456358,Serious Injury,2024,13,0,2,Motorcycle,Weekday
6.437838,2.461496,Property Damage,2024,17,0,0,Car,Weekday
6.390287,2.399864,Minor Injury,2021,8,0,1,Car,Weekday
6.406637,2.450978,Serious Injury,2023,4,0,3,Car,Weekday
6.404155,2.44188,Serious Injury,2021,16,0,2,Motorcycle,Weekday
6.385788,2.439432,Serious Injury,2022,21,0,3,Car,Weekend
6.434928,2.464183,Minor Injury,2023,13,0,2,Motorcycle,Weekend
6.394298,2.440759,Property Damage,2023,10,0,0,Bus/Truck,Weekday
6.407294,2.43993,Minor Injury,2024,6,0,2,Motorcycle,Weekday
6.403015,2.450042,Serious Injury,2022,17,0,1,Motorcycle,Weekday
6.420537,2.475243,Property Damage,2021,7,0,0,Motorcycle,Weekend
6.376326,2.418905,Serious Injury,2023,21,0,2,Motorcycle,Weekday
6.394456,2.456773,Property Damage,2022,15,0,0,Motorcycle,Weekday
6.436368,2.458777,Minor Injury,2020,8,0,2,Motorcycle,Weekday
6.391534,2.439901,Minor Injury,2020,23,0,1,Car,Weekend
6.433603,2.45873,Property Damage,2020,17,0,0,Motorcycle,Weekend
6.392875,2.438385,Property Damage,2023,12,0,0,Motorcycle,Weekday
6.387193,2.441309,Minor Injury,2020,18,0,2,Car,Weekend
6.401952,2.436076,Serious Injury,2020,5,0,2,Car,Weekday
6.409244,2.437637,Minor Injury,2021,11,0,2,Motorcycle,Weekday
6.377844,2.461266,Minor Injury,2022,15,0,1,Motorcycle,Weekday
6.439534,2.418979,Property Damage,2022,18,0,0,Car,Weekend
6.434375,2.463876,Minor Injury,2022,16,0,2,Car,Weekday
6.443079,2.438702,Property Damage,2022,19,0,0,Motorcycle,Weekday
6.408426,2.402742,Fatal,2022,18,1,2,Bicycle,Weekday
6.438988,2.465831,Property Damage,2023,17,0,0,Motorcycle,Weekday
6.43832,2.451982,Minor Injury,2020,16,0,2,Car,Weekday
6.435609,2.458559,Fatal,2020,18,1,1,Bicycle,Weekday
6.434841,2.460538,Property Damage,2024,12,0,0,Motorcycle,Weekday
6.432535,2.460956,Minor Injury,2021,12,0,2,Motorcycle,Weekday
6.429426,2.462779,Property Damage,2024,9,0,0,Car,Weekend
6.394734,2.439797,Property Damage,2021,12,0,0,Motorcycle,Weekend
6.426844,2.462276,Property Damage,2021,15,0,0,Motorcycle,Weekend
6.410282,2.447413,Serious Injury,2024,10,0,2,Motorcycle,Weekend
6.393267,2.445124,Property Damage,2022,10,0,0,Motorcycle,Weekday
6.408963,2.441395,Property Damage,2020,5,0,0,Motorcycle,Weekday
6.438715,2.451248,Serious Injury,2020,12,0,2,Car,Weekend
6.434304,2.416937,Minor Injury,2022,17,0,2,Motorcycle,Weekday
6.406994,2.43614,Minor Injury,2022,9,0,2,Car,Weekend
6.391498,2.426027,Property Damage,2023,15,0,0,Motorcycle,Weekend
6.402944,2.423444,Minor Injury,2020,22,0,1,Car,Weekend
6.433872,2.46111,Minor Injury,2022,15,0,2,Motorcycle,Weekend
6.433936,2.447522,Minor Injury,2021,10,0,2,Bicycle,Weekend
6.390564,2.437806,Property Damage,2022,17,0,0,Motorcycle,Weekend
6.446489,2.444679,Serious Injury,2024,10,0,3,Motorcycle,Weekday
6.40229,2.441594,Serious Injury,2020,22,0,1,Motorcycle,Weekday
6.388849,2.4033,Minor Injury,2021,9,0,1,Motorcycle,Weekday
6.417944,2.392552,Minor Injury,2021,9,0,1,Car,Weekday
6.424458,2.408041,Property Damage,2024,9,0,0,Bicycle,Weekend
6.411236,2.444208,Property Damage,2020,9,0,0,Bus/Truck,Weekend
6.447069,2.405061,Minor Injury,2024,22,0,2,Bus/Truck,Weekday
6.432175,2.45976,Minor Injury,2022,12,0,1,Car,Weekday
6.443781,2.439099,Minor Injury,2023,19,0,2,Car,Weekend
6.416395,2.459497,Property Damage,2023,8,0,0,Bicycle,Weekday
6.401649,2.455144,Fatal,2023,10,3,1,Car,Weekend
6.389904,2.419815,Minor Injury,2021,15,0,2,Car,Weekday
6.391975,2.410775,Property Damage,2023,4,0,0,Motorcycle,Weekend
6.43944,2.459672,Property Damage,2024,19,0,0,Motorcycle,Weekend
6.408639,2.449741,Property Damage,2020,23,0,0,Car,Weekday
6.436076,2.462602,Minor Injury,2022,18,0,2,Car,Weekday
6.38653,2.458104,Property Damage,2020,4,0,0,Bicycle,Weekday
6.4359,2.439927,Property Damage,2023,18,0,0,Motorcycle,Weekday
6.41222,2.441895,Property Damage,2023,10,0,0,Car,Weekday
6.404791,2.440667,Minor Injury,2020,19,0,2,Motorcycle,Weekday
6.411977,2.455397,Property Damage,2020,9,0,0,Bus/Truck,Weekday
6.38669,2.45877,Serious Injury,2022,16,0,3,Motorcycle,Weekend
6.401528,2.442785,Minor Injury,2023,17,0,2,Car,Weekend
6.429636,2.462509,Minor Injury,2020,21,0,1,Motorcycle,Weekday
6.410872,2.464342,Serious Injury,2023,15,0,2,Motorcycle,Weekday
6.388144,2.436342,Property Damage,2023,7,0,0,Motorcycle,Weekend
6.43215,2.463063,Property Damage,2023,7,0,0,Motorcycle,Weekday
6.395434,2.445048,Serious Injury,2022,9,0,3,Motorcycle,Weekday
6.438102,2.439102,Serious Injury,2021,18,0,3,Motorcycle,Weekday
6.388427,2.458195,Serious Injury,2021,21,0,2,Motorcycle,Weekday
6.388702,2.448026,Property Damage,2020,8,0,0,Car,Weekday
6.39414,2.458574,Minor Injury,2023,9,0,1,Motorcycle,Weekday
6.404447,2.452873,Minor Injury,2021,18,0,2,Motorcycle,Weekday
6.389782,2.443062,Minor Injury,2020,19,0,1,Bicycle,Weekday
6.439911,2.460742,Minor Injury,2020,13,0,1,Motorcycle,Weekday
6.436636,2.442607,Minor Injury,2021,19,0,2,Motorcycle,Weekday
6.385701,2.442279,Minor Injury,2021,10,0,1,Car,Weekend
6.391389,2.406305,Fatal,2022,18,3,2,Car,Weekday
6.393518,2.44151,Property Damage,2020,18,0,0,Bus/Truck,Weekend
6.433592,2.465751,Minor Injury,2020,17,0,1,Car,Weekday
6.405057,2.413101,Minor Injury,2024,2,0,1,Motorcycle,Weekday
6.407513,2.440051,Serious Injury,2022,20,0,1,Car,Weekday
6.434901,2.466463,Property Damage,2022,11,0,0,Bus/Truck,Weekday
6.407714,2.459389,Fatal,2023,15,1,0,Motorcycle,Weekday
6.388835,2.459703,Minor Injury,2022,17,0,1,Bicycle,Weekday
6.434975,2.472893,Minor Injury,2021,8,0,2,Bus/Truck,Weekend
6.391709,2.440108,Property Damage,2023,7,0,0,Car,Weekend
6.43648,2.458589,Property Damage,2021,13,0,0,Motorcycle,Weekday
6.40563,2.39539,Minor Injury,2022,19,0,1,Bus/Truck,Weekend
6.409899,2.448779,Property Damage,2024,8,0,0,Car,Weekday
6.428159,2.415912,Minor Injury,2024,7,0,1,Motorcycle,Weekday
6.409623,2.442812,Minor Injury,2020,23,0,1,Car,Weekday
6.436035,2.403377,Serious Injury,2022,12,0,1,Car,Weekday
6.387623,2.455709,Property Damage,2020,19,0,0,Car,Weekday
6.387235,2.45485,Serious Injury,2023,18,0,2,Motorcycle,Weekday
6.376902,2.429186,Fatal,2022,17,2,0,Car,Weekend
6.387802,2.443357,Property Damage,2021,11,0,0,Car,Weekend
6.408331,2.464755,Minor Injury,2020,20,0,1,Car,Weekday
6.432484,2.458135,Property Damage,2023,16,0,0,Car,Weekday
6.406562,2.433849,Minor Injury,2021,21,0,1,Bus/Truck,Weekend
6.391449,2.396163,Minor Injury,2024,7,0,2,Bicycle,Weekday
6.387769,2.442459,Property Damage,2022,12,0,0,Bus/Truck,Weekday
6.39845,2.452006,Property Damage,2021,22,0,0,Motorcycle,Weekday
6.388891,2.436807,Property Damage,2022,5,0,0,Motorcycle,Weekend
6.386248,2.435583,Minor Injury,2023,5,0,1,Bicycle,Weekday
6.39356,2.462248,Property Damage,2023,18,0,0,Motorcycle,Weekday
6.434608,2.466243,Property Damage,2020,11,0,0,Car,Weekend
6.392192,2.444722,Minor Injury,2022,16,0,1,Bicycle,Weekend
6.372829,2.467364,Fatal,2022,9,3,1,Motorcycle,Weekend
6.43755,2.462307,Property Damage,2023,17,0,0,Motorcycle,Weekend
6.390134,2.437621,Minor Injury,2020,16,0,2,Motorcycle,Weekday
6.406373,2.441516,Serious Injury,2020,6,0,1,Bicycle,Weekday
6.438118,2.461209,Serious Injury,2022,4,0,2,Car,Weekday
6.420467,2.452702,Serious Injury,2024,14,0,2,Bicycle,Weekday
6.392024,2.4638,Minor Injury,2024,18,0,2,Car,Weekday
6.39258,2.442998,Fatal,2022,14,1,0,Car,Weekday
6.394283,2.463317,Minor Injury,2024,19,0,2,Car,Weekend
6.395582,2.428513,Property Damage,2022,16,0,0,Car,Weekday
6.41464,2.452162,Property Damage,2021,20,0,0,Car,Weekday
6.426983,2.446195,Minor Injury,2023,13,0,1,Motorcycle,Weekend
6.432865,2.461952,Minor Injury,2022,13,0,1,Motorcycle,Weekend
6.373404,2.453959,Minor Injury,2022,10,0,2,Motorcycle,Weekday
6.394217,2.461291,Property Damage,2021,17,0,0,Bus/Truck,Weekday
6.406309,2.44217,Minor Injury,2024,10,0,1,Motorcycle,Weekend
6.424436,2.475982,Minor Injury,2023,18,0,1,Motorcycle,Weekday
6.37297,2.456692,Minor Injury,2020,8,0,2,Motorcycle,Weekday
6.387482,2.461852,Property Damage,2021,12,0,0,Motorcycle,Weekend
6.409766,2.443834,Serious Injury,2020,23,0,1,Motorcycle,Weekend
6.389888,2.46119,Serious Injury,2021,11,0,2,Motorcycle,Weekday
6.391316,2.45985,Property Damage,2023,8,0,0,Motorcycle,Weekday
6.401946,2.438423,Minor Injury,2023,16,0,2,Car,Weekday
6.400108,2.442491,Minor Injury,2021,11,0,1,Car,Weekend
6.427669,2.4279,Minor Injury,2023,9,0,2,Motorcycle,Weekday
6.432464,2.438895,Property Damage,2023,7,0,0,Bicycle,Weekday
6.40695,2.438412,Property Damage,2022,9,0,0,Motorcycle,Weekday
6.409244,2.442219,Property Damage,2020,5,0,0,Bicycle,Weekday
6.404566,2.469419,Minor Injury,2022,6,0,2,Car,Weekday
6.397596,2.441134,Minor Injury,2023,2,0,2,Motorcycle,Weekday
6.431512,2.45832,Property Damage,2021,21,0,0,Car,Weekday
6.412201,2.452024,Property Damage,2024,1,0,0,Motorcycle,Weekday
6.412461,2.44812,Fatal,2023,8,3,0,Bus/Truck,Weekday
6.38573,2.462351,Minor Injury,2021,18,0,2,Car,Weekday
6.381,2.459284,Property Damage,2022,19,0,0,Bus/Truck,Weekday
6.413055,2.447618,Minor Injury,2021,17,0,2,Bus/Truck,Weekday
6.440229,2.457458,Fatal,2021,14,2,0,Car,Weekend
6.403225,2.428028,Serious Injury,2024,22,0,2,Bicycle,Weekend
6.388893,2.440055,Serious Injury,2022,10,0,3,Car,Weekday
6.400775,2.407836,Minor Injury,2022,14,0,1,Motorcycle,Weekend
6.417541,2.391623,Minor Injury,2024,15,0,2,Bus/Truck,Weekend
6.384997,2.461724,Serious Injury,2021,16,0,2,Car,Weekend
6.42792,2.440704,Property Damage,2022,0,0,0,Car,Weekday
6.387124,2.438629,Minor Injury,2021,15,0,1,Motorcycle,Weekday
6.394806,2.443135,Property Damage,2022,8,0,0,Motorcycle,Weekday
6.389629,2.463737,Minor Injury,2022,6,0,1,Motorcycle,Weekday
6.411737,2.443191,Minor Injury,2022,20,0,1,Car,Weekend
6.383612,2.464555,Property Damage,2023,18,0,0,Car,Weekday
6.390098,2.463807,Property Damage,2020,16,0,0,Motorcycle,Weekday
6.40431,2.440869,Minor Injury,2021,5,0,2,Motorcycle,Weekday
6.407618,2.396685,Property Damage,2020,8,0,0,Motorcycle,Weekday
6.433321,2.461838,Minor Injury,2024,22,0,1,Car,Weekday
6.390313,2.435583,Fatal,2024,21,3,2,Bus/Truck,Weekday
6.444152,2.475816,Property Damage,2024,10,0,0,Bicycle,Weekday
6.40676,2.4469,Serious Injury,2024,11,0,2,Car,Weekday
6.406548,2.455991,Property Damage,2023,9,0,0,Car,Weekend
6.390415,2.430274,Property Damage,2024,18,0,0,Motorcycle,Weekday
6.437581,2.460631,Minor Injury,2022,22,0,1,Motorcycle,Weekday
6.412654,2.449218,Property Damage,2021,12,0,0,Car,Weekday
6.38924,2.442426,Property Damage,2021,9,0,0,Motorcycle,Weekday
6.390758,2.439589,Serious Injury,2020,8,0,1,Motorcycle,Weekday
6.404285,2.444789,Minor Injury,2022,8,0,1,Car,Weekday
6.390714,2.464981,Serious Injury,2023,9,0,1,Car,Weekday
6.425682,2.463204,Property Damage,2020,3,0,0,Bicycle,Weekend
6.411364,2.452983,Minor Injury,2020,18,0,1,Motorcycle,Weekend
6.401785,2.442493,Serious Injury,2024,4,0,1,Motorcycle,Weekend
6.432803,2.46134,Minor Injury,2024,6,0,2,Bus/Truck,Weekend
6.43433,2.463596,Minor Injury,2020,13,0,2,Bicycle,Weekday
6.403128,2.441177,Property Damage,2024,11,0,0,Bicycle,Weekday
6.416155,2.479198,Serious Injury,2023,16,0,3,Motorcycle,Weekday
6.40151,2.440058,Fatal,2024,7,2,2,Motorcycle,Weekday
6.438161,2.457326,Property Damage,2022,18,0,0,Car,Weekday
6.386351,2.444297,Property Damage,2020,14,0,0,Car,Weekday
6.390369,2.443158,Serious Injury,2023,15,0,1,Car,Weekday
6.386771,2.456379,Minor Injury,2021,20,0,2,Car,Weekday
6.409065,2.442012,Minor Injury,2021,7,0,2,Motorcycle,Weekday
6.391681,2.44083,Minor Injury,2024,11,0,2,Car,Weekday
6.406812,2.453792,Serious Injury,2021,8,0,1,Car,Weekday
6.409204,2.449216,Minor Injury,2024,19,0,2,Car,Weekend
6.389705,2.45251,Serious Injury,2021,7,0,2,Motorcycle,Weekday
6.434074,2.462689,Serious Injury,2022,15,0,1,Motorcycle,Weekday
6.405083,2.397859,Serious Injury,2021,3,0,2,Motorcycle,Weekday
6.388457,2.457433,Fatal,2020,7,3,2,Car,Weekday
6.387432,2.463113,Property Damage,2021,18,0,0,Car,Weekday
6.405716,2.440809,Minor Injury,2024,13,0,2,Motorcycle,Weekend
6.430645,2.462454,Property Damage,2024,7,0,0,Motorcycle,Weekend
6.391161,2.443935,Minor Injury,2022,14,0,2,Car,Weekday
6.398124,2.458934,Property Damage,2021,15,0,0,Car,Weekday
6.402843,2.454347,Minor Injury,2020,12,0,1,Car,Weekday
6.412916,2.447805,Minor Injury,2023,15,0,1,Bus/Truck,Weekday
6.395396,2.438142,Minor Injury,2020,19,0,1,Car,Weekday
6.391295,2.451036,Property Damage,2024,8,0,0,Bus/Truck,Weekday
6.395265,2.44465,Property Damage,2023,12,0,0,Car,Weekday
6.388824,2.445525,Minor Injury,2023,19,0,2,Motorcycle,Weekday
6.388767,2.439645,Property Damage,2023,5,0,0,Motorcycle,Weekday
6.436317,2.457299,Minor Injury,2024,18,0,2,Motorcycle,Weekday
6.401051,2.439907,Minor Injury,2023,4,0,2,Motorcycle,Weekday
6.429854,2.420712,Serious Injury,2022,22,0,2,Car,Weekday
6.389283,2.465986,Serious Injury,2023,10,0,3,Bicycle,Weekday
6.375115,2.458289,Serious Injury,2020,12,0,2,Car,Weekday
6.40103,2.421702,Serious Injury,2022,7,0,3,Motorcycle,Weekday
6.421866,2.465358,Serious Injury,2024,20,0,1,Motorcycle,Weekday
6.388458,2.447976,Property Damage,2024,19,0,0,Bicycle,Weekday
6.421042,2.411244,Serious Injury,2020,8,0,2,Bus/Truck,Weekend
6.413641,2.448286,Minor Injury,2024,20,0,2,Motorcycle,Weekday
6.437111,2.463853,Minor Injury,2023,18,0,2,Bicycle,Weekday
6.404974,2.418547,Property Damage,2021,22,0,0,Car,Weekday
6.389999,2.46061,Property Damage,2020,8,0,0,Motorcycle,Weekday
6.392907,2.444877,Fatal,2022,7,1,1,Motorcycle,Weekday
6.392058,2.441074,Property Damage,2023,15,0,0,Motorcycle,Weekend
6.410281,2.459731,Property Damage,2024,9,0,0,Car,Weekday
6.409809,2.44807,Minor Injury,2021,11,0,2,Motorcycle,Weekday
6.431263,2.45939,Property Damage,2023,20,0,0,Bus/Truck,Weekday
6.420995,2.451713,Property Damage,2022,13,0,0,Bicycle,Weekday
6.437329,2.46006,Minor Injury,2022,22,0,1,Car,Weekday
6.389992,2.461889,Property Damage,2021,20,0,0,Bicycle,Weekday
6.436425,2.423035,Property Damage,2020,15,0,0,Bus/Truck,Weekday
6.433712,2.435975,Serious Injury,2021,15,0,3,Motorcycle,Weekday
6.383453,2.463041,Property Damage,2021,11,0,0,Motorcycle,Weekend
6.438585,2.439688,Property Damage,2020,13,0,0,Bus/Truck,Weekend
6.435308,2.46205,Property Damage,2022,7,0,0,Motorcycle,Weekend
6.40058,2.403706,Serious Injury,2023,12,0,3,Motorcycle,Weekday
6.420914,2.435167,Property Damage,2022,14,0,0,Car,Weekday
6.377881,2.475199,Property Damage,2021,19,0,0,Car,Weekday
6.387198,2.437721,Fatal,2021,17,2,2,Car,Weekday
6.384369,2.440856,Minor Injury,2022,6,0,1,Car,Weekend
6.403933,2.453422,Property Damage,2023,16,0,0,Bus/Truck,Weekday
6.389985,2.392104,Serious Injury,2023,8,0,3,Car,Weekday
6.434014,2.462041,Minor Injury,2023,11,0,1,Bus/Truck,Weekend
6.419834,2.464706,Minor Injury,2023,5,0,1,Motorcycle,Weekday
6.418499,2.446042,Serious Injury,2024,7,0,2,Motorcycle,Weekday
6.389606,2.462372,Property Damage,2022,18,0,0,Car,Weekday
6.39287,2.463625,Minor Injury,2022,12,0,1,Bus/Truck,Weekend
6.407087,2.441401,Property Damage,2024,18,0,0,Motorcycle,Weekday
6.431224,2.463574,Serious Injury,2023,10,0,1,Car,Weekday
6.417158,2.401523,Property Damage,2021,18,0,0,Car,Weekend
6.376122,2.459652,Property Damage,2020,11,0,0,Car,Weekday
6.399306,2.44172,Minor Injury,2020,7,0,1,Car,Weekday
6.39064,2.460821,Property Damage,2024,7,0,0,Motorcycle,Weekend
6.379669,2.428235,Property Damage,2020,5,0,0,Car,Weekday
6.388069,2.440977,Property Damage,2021,14,0,0,Car,Weekend
6.404796,2.438761,Minor Injury,2024,22,0,1,Car,Weekday
6.383054,2.431234,Property Damage,2020,5,0,0,Motorcycle,Weekend
6.438682,2.433439,Property Damage,2020,11,0,0,Motorcycle,Weekday
6.406426,2.439905,Property Damage,2024,15,0,0,Car,Weekday
6.408651,2.442869,Property Damage,2022,10,0,0,Car,Weekend
6.39173,2.441137,Fatal,2022,7,1,1,Motorcycle,Weekday
6.391354,2.461925,Property Damage,2022,17,0,0,Car,Weekday
6.412346,2.453905,Fatal,2024,16,1,0,Motorcycle,Weekend
6.435547,2.460228,Property Damage,2021,13,0,0,Bus/Truck,Weekend
6.43427,2.461751,Fatal,2023,16,3,2,Motorcycle,Weekday
6.437869,2.415043,Serious Injury,2023,15,0,3,Car,Weekday
6.437008,2.456853,Minor Injury,2021,1,0,2,Car,Weekday
6.402716,2.440987,Property Damage,2021,18,0,0,Bus/Truck,Weekday
6.407828,2.449615,Serious Injury,2024,8,0,2,Motorcycle,Weekday
6.406678,2.458852,Fatal,2024,8,3,0,Motorcycle,Weekend
6.394276,2.45911,Property Damage,2024,8,0,0,Motorcycle,Weekday
6.440309,2.422133,Property Damage,2022,1,0,0,Car,Weekday
6.444919,2.475156,Property Damage,2020,19,0,0,Motorcycle,Weekend
6.405819,2.438271,Property Damage,2022,23,0,0,Bus/Truck,Weekday
6.404159,2.45397,Property Damage,2022,8,0,0,Car,Weekday
6.414598,2.451206,Property Damage,2020,8,0,0,Motorcycle,Weekday
6.391414,2.464625,Minor Injury,2022,19,0,2,Bus/Truck,Weekend
6.412492,2.447224,Property Damage,2022,15,0,0,Car,Weekend
6.434295,2.46145,Minor Injury,2024,18,0,1,Motorcycle,Weekend
6.407578,2.456105,Property Damage,2023,7,0,0,Motorcycle,Weekend
6.39001,2.457295,Minor Injury,2022,10,0,2,Motorcycle,Weekend
6.390672,2.440524,Minor Injury,2020,17,0,2,Car,Weekend
6.38866,2.442115,Property Damage,2024,16,0,0,Bicycle,Weekday
6.396955,2.46058,Property Damage,2021,16,0,0,Bus/Truck,Weekday
6.39696,2.454361,Property Damage,2020,17,0,0,Motorcycle,Weekday
6.434701,2.456464,Serious Injury,2020,21,0,2,Car,Weekday
6.395437,2.463277,Property Damage,2023,15,0,0,Car,Weekday
6.435903,2.465685,Minor Injury,2023,6,0,2,Motorcycle,Weekend
6.389014,2.44877,Minor Injury,2021,18,0,1,Car,Weekend
6.409378,2.45316,Minor Injury,2024,16,0,2,Motorcycle,Weekend
6.403653,2.423895,Minor Injury,2023,19,0,2,Motorcycle,Weekday
6.410598,2.448083,Minor Injury,2022,17,0,1,Motorcycle,Weekend
6.407454,2.443179,Minor Injury,2020,13,0,1,Motorcycle,Weekend
6.39819,2.392639,Minor Injury,2022,17,0,1,Motorcycle,Weekday
6.407428,2.441935,Property Damage,2023,6,0,0,Car,Weekday
6.395417,2.443998,Serious Injury,2021,21,0,1,Car,Weekend
6.386511,2.446068,Serious Injury,2021,1,0,3,Car,Weekend
6.406667,2.449798,Minor Injury,2024,15,0,2,Car,Weekday
6.427753,2.44438,Minor Injury,2022,8,0,2,Bus/Truck,Weekday
6.381472,2.465541,Minor Injury,2023,4,0,2,Car,Weekday
6.432508,2.460179,Property Damage,2021,8,0,0,Motorcycle,Weekend
6.435707,2.415373,Minor Injury,2024,9,0,2,Bicycle,Weekday
6.390867,2.457401,Property Damage,2024,14,0,0,Motorcycle,Weekend
6.406747,2.460032,Property Damage,2023,17,0,0,Bus/Truck,Weekend
6.400733,2.449012,Property Damage,2020,19,0,0,Motorcycle,Weekend
6.389345,2.440705,Property Damage,2022,7,0,0,Motorcycle,Weekday
6.413276,2.465308,Property Damage,2023,17,0,0,Bicycle,Weekend
6.384012,2.440573,Property Damage,2022,17,0,0,Motorcycle,Weekend
6.449307,2.412111,Minor Injury,2020,9,0,1,Car,Weekday
6.436089,2.396159,Minor Injury,2024,6,0,1,Motorcycle,Weekend
6.388428,2.441237,Property Damage,2023,21,0,0,Bus/Truck,Weekend
6.419049,2.406111,Fatal,2023,17,2,1,Motorcycle,Weekday
6.400549,2.409574,Fatal,2021,19,2,2,Motorcycle,Weekend
6.399788,2.444002,Property Damage,2023,18,0,0,Bicycle,Weekend
6.386013,2.463938,Property Damage,2024,8,0,0,Car,Weekday
6.418063,2.397055,Fatal,2024,8,1,0,Motorcycle,Weekend
6.402278,2.441593,Serious Injury,2024,10,0,2,Motorcycle,Weekday
6.40623,2.439615,Serious Injury,2020,6,0,3,Motorcycle,Weekday
6.389227,2.464551,Minor Injury,2020,5,0,1,Motorcycle,Weekday
6.390215,2.459724,Property Damage,2021,20,0,0,Bicycle,Weekday
6.376842,2.402657,Minor Injury,2020,21,0,1,Motorcycle,Weekday
6.401871,2.440115,Property Damage,2023,16,0,0,Motorcycle,Weekday
6.401645,2.445779,Property Damage,2022,14,0,0,Bus/Truck,Weekday
6.413577,2.401259,Minor Injury,2020,11,0,1,Bus/Truck,Weekend
6.394691,2.437667,Property Damage,2023,16,0,0,Car,Weekday
6.43639,2.458696,Property Damage,2021,8,0,0,Motorcycle,Weekend
6.427105,2.448788,Minor Injury,2023,14,0,1,Car,Weekday
6.416547,2.390205,Serious Injury,2024,9,0,3,Bus/Truck,Weekday
6.388143,2.438746,Minor Injury,2023,17,0,2,Motorcycle,Weekday
6.413037,2.447966,Serious Injury,2021,12,0,2,Motorcycle,Weekday
6.390733,2.441058,Minor Injury,2022,14,0,1,Motorcycle,Weekday
6.391635,2.458248,Property Damage,2021,6,0,0,Car,Weekend
6.404575,2.447196,Property Damage,2020,17,0,0,Bicycle,Weekday
6.406144,2.443965,Property Damage,2021,5,0,0,Car,Weekday
6.438999,2.455548,Minor Injury,2020,7,0,1,Motorcycle,Weekend
6.425667,2.410712,Minor Injury,2023,12,0,2,Bus/Truck,Weekday
6.433881,2.460576,Property Damage,2022,9,0,0,Motorcycle,Weekday
6.393843,2.459369,Property Damage,2023,18,0,0,Motorcycle,Weekday
6.410011,2.449144,Serious Injury,2024,22,0,2,Motorcycle,Weekday
6.443851,2.464881,Fatal,2021,12,3,0,Motorcycle,Weekday
6.412159,2.46159,Minor Injury,2024,0,0,2,Motorcycle,Weekday
6.434296,2.398442,Minor Injury,2021,19,0,1,Bus/Truck,Weekday
6.381343,2.436095,Minor Injury,2020,12,0,2,Car,Weekday
6.393072,2.440686,Minor Injury,2020,11,0,1,Bus/Truck,Weekday
6.386795,2.438135,Serious Injury,2022,17,0,3,Motorcycle,Weekday
6.392055,2.461915,Minor Injury,2021,8,0,2,Motorcycle,Weekday
6.386508,2.439213,Minor Injury,2021,22,0,1,Car,Weekday
6.406066,2.451101,Property Damage,2020,6,0,0,Motorcycle,Weekday
6.434509,2.461945,Minor Injury,2021,23,0,1,Bus/Truck,Weekend
6.41352,2.463757,Serious Injury,2021,6,0,2,Car,Weekend
6.403554,2.399554,Serious Injury,2022,15,0,1,Motorcycle,Weekday
6.403531,2.438098,Minor Injury,2022,8,0,1,Bicycle,Weekend
6.372581,2.40895,Property Damage,2023,4,0,0,Motorcycle,Weekday
6.37726,2.460294,Serious Injury,2023,6,0,1,Car,Weekend
6.412654,2.447783,Minor Injury,2024,19,0,2,Motorcycle,Weekday
6.379104,2.426309,Serious Injury,2020,11,0,2,Car,Weekday
6.412418,2.463343,Property Damage,2022,17,0,0,Car,Weekday
6.42601,2.421581,Property Damage,2024,5,0,0,Bicycle,Weekday
6.403143,2.428561,Minor Injury,2022,9,0,2,Bus/Truck,Weekday
6.390441,2.441412,Property Damage,2020,13,0,0,Motorcycle,Weekday
6.391682,2.43797,Minor Injury,2022,19,0,2,Car,Weekend
6.431111,2.439688,Property Damage,2020,8,0,0,Motorcycle,Weekday
6.404637,2.444519,Minor Injury,2024,18,0,1,Motorcycle,Weekday
6.392568,2.4092,Serious Injury,2023,22,0,2,Car,Weekday
6.390383,2.45643,Serious Injury,2021,9,0,1,Bus/Truck,Weekday
6.36802,2.421573,Property Damage,2021,9,0,0,Motorcycle,Weekday
6.38064,2.427388,Minor Injury,2020,14,0,2,Car,Weekday
6.372915,2.456449,Minor Injury,2021,20,0,1,Motorcycle,Weekday
6.392191,2.46592,Minor Injury,2024,6,0,2,Car,Weekend
6.391772,2.445418,Serious Injury,2022,19,0,1,Motorcycle,Weekend
6.392903,2.463881,Property Damage,2022,17,0,0,Motorcycle,Weekday
6.407129,2.444394,Serious Injury,2022,11,0,3,Car,Weekend
6.407381,2.442634,Property Damage,2024,11,0,0,Motorcycle,Weekday
6.408434,2.452761,Property Damage,2024,12,0,0,Motorcycle,Weekday
6.390822,2.459703,Serious Injury,2020,17,0,3,Car,Weekday
6.417023,2.413672,Minor Injury,2022,17,0,1,Motorcycle,Weekend
6.433417,2.463011,Minor Injury,2021,11,0,2,Bus/Truck,Weekday
6.439428,2.463616,Property Damage,2023,18,0,0,Car,Weekend
6.432365,2.456547,Property Damage,2021,13,0,0,Motorcycle,Weekday
6.39032,2.438802,Property Damage,2023,18,0,0,Car,Weekend
6.410491,2.453007,Property Damage,2023,19,0,0,Car,Weekday
6.423121,2.437393,Serious Injury,2023,18,0,2,Motorcycle,Weekday
6.438966,2.455807,Property Damage,2022,22,0,0,Motorcycle,Weekday
6.393302,2.462658,Serious Injury,2020,8,0,1,Bus/Truck,Weekday
6.391942,2.422042,Minor Injury,2022,11,0,1,Motorcycle,Weekday
6.377292,2.440247,Minor Injury,2020,18,0,2,Bus/Truck,Weekday
6.394742,2.440007,Minor Injury,2021,17,0,1,Motorcycle,Weekday
6.40804,2.452361,Property Damage,2022,8,0,0,Motorcycle,Weekday
6.398812,2.445226,Property Damage,2023,5,0,0,Bus/Truck,Weekday
6.439313,2.459556,Property Damage,2022,7,0,0,Car,Weekend
6.392499,2.442232,Minor Injury,2021,9,0,1,Motorcycle,Weekday
6.397487,2.391573,Property Damage,2022,18,0,0,Motorcycle,Weekday
6.387911,2.440852,Serious Injury,2021,11,0,1,Car,Weekend
6.408763,2.454152,Property Damage,2023,2,0,0,Car,Weekday
6.44585,2.467048,Serious Injury,2021,16,0,2,Car,Weekday
6.405279,2.45283,Minor Injury,2021,8,0,2,Car,Weekday
6.386882,2.459694,Minor Injury,2022,19,0,2,Car,Weekday
6.40611,2.433389,Serious Injury,2022,3,0,1,Bicycle,Weekday
6.435459,2.456051,Property Damage,2020,7,0,0,Motorcycle,Weekend
6.419842,2.397272,Serious Injury,2022,11,0,3,Car,Weekday
6.382284,2.394923,Minor Injury,2021,11,0,1,Bus/Truck,Weekday
6.372627,2.446001,Property Damage,2020,19,0,0,Bicycle,Weekday
6.396189,2.460719,Property Damage,2023,21,0,0,Motorcycle,Weekday
6.392167,2.461659,Property Damage,2024,7,0,0,Motorcycle,Weekday
6.437486,2.458826,Minor Injury,2021,13,0,2,Motorcycle,Weekend
6.405774,2.444786,Property Damage,2023,21,0,0,Bicycle,Weekday
6.40958,2.452197,Serious Injury,2024,17,0,3,Motorcycle,Weekday
6.374938,2.423632,Property Damage,2024,9,0,0,Bicycle,Weekday
6.441895,2.416451,Minor Injury,2022,2,0,1,Bicycle,Weekday
6.39359,2.464172,Minor Injury,2020,17,0,2,Motorcycle,Weekday
6.386412,2.460644,Fatal,2021,12,2,2,Car,Weekday
6.413418,2.452166,Minor Injury,2020,7,0,1,Car,Weekday
6.414904,2.441778,Serious Injury,2023,18,0,2,Car,Weekday
6.437689,2.440475,Property Damage,2020,13,0,0,Bus/Truck,Weekday
6.415632,2.425024,Property Damage,2022,19,0,0,Bicycle,Weekday
6.404295,2.446419,Serious Injury,2024,12,0,1,Motorcycle,Weekday
6.376389,2.426515,Property Damage,2021,11,0,0,Motorcycle,Weekday
6.384077,2.41464,Minor Injury,2020,18,0,2,Motorcycle,Weekday
6.406725,2.438581,Property Damage,2021,20,0,0,Car,Weekday
6.390876,2.446397,Minor Injury,2023,17,0,2,Car,Weekend
6.377777,2.441387,Minor Injury,2024,20,0,2,Motorcycle,Weekday
6.40287,2.417075,Property Damage,2022,12,0,0,Motorcycle,Weekend
6.41093,2.45309,Fatal,2021,13,3,0,Motorcycle,Weekday
6.388259,2.43883,Serious Injury,2020,11,0,1,Motorcycle,Weekday
6.410721,2.465243,Minor Injury,2021,7,0,2,Bus/Truck,Weekday
6.390049,2.461243,Serious Injury,2020,18,0,2,Motorcycle,Weekday
6.420644,2.407735,Minor Injury,2021,13,0,2,Motorcycle,Weekday
6.408066,2.444211,Minor Injury,2021,12,0,1,Motorcycle,Weekend
6.386797,2.479657,Minor Injury,2023,18,0,2,Car,Weekday
6.408686,2.451691,Property Damage,2022,17,0,0,Motorcycle,Weekend
6.395656,2.437047,Fatal,2024,12,3,2,Motorcycle,Weekday
6.41173,2.460266,Minor Injury,2022,21,0,2,Bicycle,Weekday
6.393543,2.437037,Minor Injury,2023,17,0,2,Car,Weekend
6.436081,2.460812,Minor Injury,2020,10,0,2,Motorcycle,Weekday
6.377487,2.399536,Minor Injury,2020,19,0,1,Car,Weekday
6.437009,2.458698,Property Damage,2023,8,0,0,Car,Weekday
6.409887,2.450462,Minor Injury,2024,13,0,2,Car,Weekday
6.392179,2.441778,Minor Injury,2020,8,0,2,Motorcycle,Weekend
6.392713,2.439121,Property Damage,2023,17,0,0,Motorcycle,Weekday
6.434859,2.459414,Property Damage,2020,17,0,0,Car,Weekday
6.402946,2.477615,Minor Injury,2021,19,0,1,Motorcycle,Weekday
6.401466,2.47955,Property Damage,2022,9,0,0,Motorcycle,Weekend
6.430405,2.467234,Serious Injury,2020,18,0,1,Motorcycle,Weekday
6.385892,2.434763,Minor Injury,2020,5,0,1,Motorcycle,Weekday
6.403037,2.438833,Serious Injury,2024,17,0,2,Car,Weekday
6.44169,2.461868,Minor Injury,2023,16,0,1,Motorcycle,Weekday
6.388476,2.473894,Minor Injury,2021,17,0,1,Motorcycle,Weekday
6.431607,2.462078,Property Damage,2020,13,0,0,Motorcycle,Weekday
6.403819,2.439785,Minor Injury,2021,22,0,2,Car,Weekend
6.432773,2.428486,Minor Injury,2022,21,0,1,Car,Weekday
6.402804,2.452687,Serious Injury,2022,20,0,3,Motorcycle,Weekday
6.441001,2.447328,Minor Injury,2020,20,0,1,Car,Weekday
6.388148,2.44257,Serious Injury,2023,18,0,1,Bicycle,Weekday
6.37377,2.462935,Minor Injury,2022,10,0,2,Motorcycle,Weekday
6.448223,2.448667,Minor Injury,2020,15,0,1,Motorcycle,Weekday
6.449787,2.47409,Minor Injury,2020,20,0,2,Car,Weekend
6.414003,2.447737,Property Damage,2024,18,0,0,Bicycle,Weekday
6.415949,2.449312,Minor Injury,2021,14,0,2,Motorcycle,Weekday
6.404798,2.445314,Serious Injury,2020,7,0,2,Car,Weekend
6.401936,2.408798,Property Damage,2023,9,0,0,Motorcycle,Weekday
6.40571,2.439274,Property Damage,2022,12,0,0,Motorcycle,Weekday
6.3864,2.457884,Property Damage,2023,11,0,0,Motorcycle,Weekend
6.410839,2.452307,Property Damage,2023,16,0,0,Motorcycle,Weekday
6.445559,2.457034,Property Damage,2020,12,0,0,Bus/Truck,Weekday
6.417464,2.459409,Serious Injury,2023,13,0,2,Bus/Truck,Weekday
6.390899,2.46574,Serious Injury,2023,9,0,1,Motorcycle,Weekend
6.41593,2.399433,Minor Injury,2024,6,0,1,Motorcycle,Weekday
6.395463,2.444037,Minor Injury,2024,8,0,1,Motorcycle,Weekday
6.403001,2.432059,Property Damage,2020,5,0,0,Motorcycle,Weekday
6.383171,2.463803,Serious Injury,2022,11,0,1,Motorcycle,Weekday
6.403355,2.438117,Serious Injury,2024,7,0,1,Motorcycle,Weekend
6.388736,2.457537,Serious Injury,2022,11,0,3,Car,Weekday
6.413916,2.436738,Minor Injury,2021,4,0,1,Car,Weekend
6.382259,2.440128,Minor Injury,2024,7,0,2,Bus/Truck,Weekday
6.387114,2.410508,Serious Injury,2023,12,0,1,Car,Weekday
6.386762,2.462543,Serious Injury,2024,22,0,2,Motorcycle,Weekday
6.405995,2.438578,Property Damage,2023,20,0,0,Motorcycle,Weekday
6.408355,2.45592,Property Damage,2021,7,0,0,Motorcycle,Weekday
6.391601,2.434375,Property Damage,2020,13,0,0,Bus/Truck,Weekend
6.405424,2.447056,Minor Injury,2021,16,0,1,Bus/Truck,Weekday
6.40046,2.39213,Property Damage,2020,12,0,0,Car,Weekday
6.385297,2.43304,Minor Injury,2023,17,0,1,Motorcycle,Weekday
6.411688,2.446451,Minor Injury,2022,20,0,1,Car,Weekday
6.389679,2.46051,Minor Injury,2020,18,0,1,Motorcycle,Weekday
6.414465,2.451231,Minor Injury,2021,11,0,2,Bicycle,Weekend
6.40974,2.448898,Property Damage,2021,7,0,0,Motorcycle,Weekend
6.389714,2.463005,Property Damage,2022,11,0,0,Motorcycle,Weekday
6.429062,2.43781,Serious Injury,2024,10,0,1,Car,Weekday
6.400833,2.478275,Fatal,2023,10,3,2,Motorcycle,Weekend
6.385642,2.446921,Minor Injury,2023,13,0,1,Car,Weekday
6.407574,2.447396,Minor Injury,2024,18,0,1,Motorcycle,Weekday
6.386343,2.43502,Minor Injury,2023,14,0,2,Motorcycle,Weekend
6.41053,2.463079,Minor Injury,2024,18,0,1,Motorcycle,Weekday
6.390982,2.440503,Minor Injury,2021,0,0,2,Motorcycle,Weekend
6.446783,2.412202,Property Damage,2023,20,0,0,Bicycle,Weekday
6.422062,2.398073,Minor Injury,2021,14,0,2,Car,Weekday
6.381255,2.460256,Property Damage,2021,22,0,0,Motorcycle,Weekend
6.408468,2.440695,Property Damage,2023,18,0,0,Motorcycle,Weekend
6.389469,2.462339,Serious Injury,2020,16,0,1,Car,Weekend
6.376316,2.42999,Minor Injury,2021,15,0,2,Motorcycle,Weekend
6.407543,2.441051,Serious Injury,2024,7,0,1,Motorcycle,Weekday
6.422772,2.404006,Minor Injury,2022,2,0,1,Car,Weekday
6.434768,2.409484,Minor Injury,2020,17,0,1,Car,Weekday
6.386984,2.442279,Minor Injury,2023,19,0,1,Motorcycle,Weekday
6.421217,2.461979,Minor Injury,2024,17,0,2,Car,Weekend
6.398946,2.476175,Minor Injury,2023,15,0,1,Bus/Truck,Weekday
6.400998,2.44248,Minor Injury,2021,20,0,1,Motorcycle,Weekday
6.406078,2.442113,Property Damage,2020,19,0,0,Motorcycle,Weekday
6.432177,2.455249,Serious Injury,2023,12,0,2,Motorcycle,Weekday
6.412526,2.447779,Property Damage,2023,11,0,0,Motorcycle,Weekday
6.426683,2.408985,Serious Injury,2022,14,0,2,Car,Weekend
6.392306,2.437232,Property Damage,2022,11,0,0,Car,Weekday
6.447434,2.468049,Property Damage,2022,17,0,0,Car,Weekday
6.411558,2.440717,Minor Injury,2023,20,0,1,Motorcycle,Weekend
6.390313,2.402841,Minor Injury,2024,20,0,2,Car,Weekday
6.38881,2.461559,Property Damage,2020,16,0,0,Bicycle,Weekday
6.441969,2.464975,Serious Injury,2024,16,0,1,Car,Weekday
6.41189,2.451158,Property Damage,2023,22,0,0,Motorcycle,Weekday
6.3933,2.461337,Property Damage,2024,14,0,0,Car,Weekday
6.406071,2.44041,Property Damage,2021,22,0,0,Motorcycle,Weekday
6.44583,2.412723,Minor Injury,2020,1,0,1,Motorcycle,Weekday
6.40198,2.444387,Minor Injury,2022,6,0,2,Car,Weekday
6.410769,2.463042,Minor Injury,2020,13,0,2,Bus/Truck,Weekday
6.406566,2.423153,Property Damage,2023,11,0,0,Car,Weekday
6.439134,2.466168,Property Damage,2020,13,0,0,Car,Weekday
6.439507,2.458307,Fatal,2021,2,1,0,Bicycle,Weekend
6.387798,2.444027,Serious Injury,2023,19,0,1,Car,Weekday
6.432012,2.458689,Serious Injury,2023,15,0,2,Motorcycle,Weekend
6.388771,2.459129,Property Damage,2022,9,0,0,Bus/Truck,Weekday
6.390507,2.460156,Minor Injury,2023,22,0,1,Motorcycle,Weekday
6.387886,2.439213,Minor Injury,2020,9,0,2,Bus/Truck,Weekday
6.3927,2.486417,Serious Injury,2022,22,0,3,Motorcycle,Weekday
6.409108,2.453941,Property Damage,2022,14,0,0,Motorcycle,Weekday
6.436304,2.463082,Minor Injury,2024,11,0,2,Car,Weekend
6.410054,2.446165,Serious Injury,2021,7,0,3,Motorcycle,Weekday
6.398577,2.423444,Serious Injury,2022,18,0,1,Motorcycle,Weekday
6.414536,2.449261,Property Damage,2024,22,0,0,Car,Weekday
6.427459,2.409178,Property Damage,2022,13,0,0,Car,Weekday
6.383319,2.432995,Serious Injury,2023,18,0,1,Car,Weekday
6.40117,2.467873,Minor Injury,2020,11,0,2,Bicycle,Weekend
6.410274,2.436913,Property Damage,2020,15,0,0,Motorcycle,Weekday
6.396408,2.428938,Fatal,2021,1,2,1,Bicycle,Weekday
6.391659,2.481693,Property Damage,2021,12,0,0,Motorcycle,Weekday
6.416294,2.450663,Property Damage,2023,18,0,0,Motorcycle,Weekday
6.404045,2.443741,Property Damage,2023,19,0,0,Motorcycle,Weekday
6.392464,2.441812,Minor Injury,2023,11,0,2,Car,Weekend
6.424747,2.465719,Property Damage,2022,7,0,0,Bicycle,Weekday
6.387895,2.445194,Minor Injury,2024,10,0,2,Motorcycle,Weekday
6.40395,2.413629,Serious Injury,2021,7,0,1,Car,Weekday
6.38936,2.437234,Minor Injury,2020,10,0,1,Motorcycle,Weekend
6.4125,2.458077,Serious Injury,2020,19,0,2,Car,Weekday
6.393448,2.424458,Serious Injury,2022,12,0,2,Car,Weekday
6.442069,2.439921,Property Damage,2022,21,0,0,Bicycle,Weekend
6.434857,2.413778,Minor Injury,2024,20,0,2,Motorcycle,Weekday
6.410672,2.446469,Serious Injury,2021,14,0,3,Motorcycle,Weekend
6.385649,2.437189,Minor Injury,2020,18,0,2,Car,Weekday
6.430395,2.457752,Minor Injury,2021,13,0,2,Motorcycle,Weekday
6.40916,2.441735,Serious Injury,2024,7,0,1,Motorcycle,Weekday
6.386025,2.436854,Minor Injury,2021,21,0,1,Car,Weekday
6.43472,2.461071,Minor Injury,2024,10,0,1,Motorcycle,Weekend
6.432684,2.461912,Property Damage,2023,6,0,0,Car,Weekend
6.411957,2.451113,Minor Injury,2021,11,0,1,Bus/Truck,Weekday
6.436672,2.467238,Fatal,2022,13,3,1,Car,Weekday
6.389244,2.443761,Minor Injury,2021,15,0,1,Bus/Truck,Weekend
6.384713,2.409171,Minor Injury,2024,18,0,1,Motorcycle,Weekday
6.391085,2.478454,Minor Injury,2021,7,0,1,Motorcycle,Weekday
6.412844,2.450527,Minor Injury,2020,12,0,1,Bicycle,Weekday
6.390429,2.438855,Property Damage,2021,18,0,0,Motorcycle,Weekend
6.439976,2.465956,Minor Injury,2021,8,0,2,Motorcycle,Weekday
6.392286,2.437419,Serious Injury,2024,18,0,1,Car,Weekday
6.3913,2.46365,Serious Injury,2024,20,0,1,Car,Weekday
6.415499,2.455997,Serious Injury,2020,8,0,1,Motorcycle,Weekday
6.412217,2.459769,Minor Injury,2024,16,0,1,Car,Weekend
6.442001,2.451656,Property Damage,2020,10,0,0,Car,Weekday
6.390651,2.443469,Minor Injury,2023,6,0,2,Car,Weekday
6.372866,2.463748,Serious Injury,2022,18,0,1,Car,Weekday
6.445998,2.461564,Serious Injury,2021,16,0,3,Motorcycle,Weekday
6.441052,2.394316,Property Damage,2020,8,0,0,Car,Weekday
6.387466,2.463256,Property Damage,2022,20,0,0,Car,Weekend
6.404422,2.441467,Property Damage,2024,17,0,0,Car,Weekend
6.406352,2.445416,Serious Injury,2024,12,0,2,Car,Weekday
6.385534,2.434528,Minor Injury,2022,16,0,2,Motorcycle,Weekday
6.390313,2.432889,Minor Injury,2020,12,0,1,Motorcycle,Weekend
6.426857,2.46211,Fatal,2023,8,1,0,Car,Weekday
6.438701,2.463265,Serious Injury,2024,17,0,2,Car,Weekend
6.416306,2.412062,Property Damage,2020,8,0,0,Bus/Truck,Weekday
6.389927,2.460979,Property Damage,2022,11,0,0,Motorcycle,Weekend
6.432164,2.462515,Fatal,2023,9,3,2,Motorcycle,Weekday
6.402218,2.433508,Serious Injury,2022,1,0,1,Car,Weekday
6.390544,2.438972,Minor Injury,2024,8,0,2,Motorcycle,Weekday
6.386652,2.462451,Property Damage,2023,20,0,0,Motorcycle,Weekend
6.412208,2.45117,Property Damage,2023,6,0,0,Motorcycle,Weekday
6.411231,2.455671,Fatal,2023,17,1,1,Car,Weekday
6.389139,2.440761,Minor Injury,2022,22,0,1,Car,Weekend
6.421701,2.395818,Serious Injury,2023,12,0,2,Motorcycle,Weekend
6.40091,2.442857,Fatal,2024,20,3,2,Motorcycle,Weekday
6.432417,2.447023,Serious Injury,2020,15,0,1,Bus/Truck,Weekday
6.412437,2.439109,Minor Injury,2022,16,0,1,Car,Weekend
6.438951,2.462266,Property Damage,2021,20,0,0,Motorcycle,Weekday
6.438211,2.463001,Serious Injury,2023,13,0,3,Bicycle,Weekday
6.391631,2.461729,Serious Injury,2021,14,0,2,Bicycle,Weekend
6.434957,2.466852,Property Damage,2024,13,0,0,Motorcycle,Weekday
6.431597,2.439255,Minor Injury,2024,11,0,1,Bus/Truck,Weekend
6.410492,2.44923,Property Damage,2021,20,0,0,Bus/Truck,Weekend
6.438361,2.462269,Minor Injury,2022,8,0,1,Bus/Truck,Weekday
6.390304,2.439992,Property Damage,2020,5,0,0,Motorcycle,Weekday
6.436339,2.458452,Minor Injury,2024,14,0,1,Motorcycle,Weekday
6.43583,2.463619,Property Damage,2023,17,0,0,Motorcycle,Weekday
6.43767,2.460099,Property Damage,2020,9,0,0,Motorcycle,Weekday
6.404028,2.40579,Property Damage,2022,16,0,0,Motorcycle,Weekday
6.388483,2.446273,Serious Injury,2021,22,0,1,Car,Weekend
6.383718,2.446701,Property Damage,2022,21,0,0,Car,Weekday
6.427792,2.398392,Serious Injury,2024,10,0,1,Motorcycle,Weekend
6.405749,2.388702,Serious Injury,2020,15,0,2,Car,Weekend
6.385444,2.442378,Minor Injury,2021,8,0,2,Motorcycle,Weekday
6.375614,2.472555,Serious Injury,2020,7,0,2,Motorcycle,Weekday
6.386002,2.434531,Minor Injury,2021,20,0,1,Car,Weekday
6.426154,2.471151,Minor Injury,2024,4,0,1,Bus/Truck,Weekday
6.414466,2.473285,Fatal,2021,17,1,1,Motorcycle,Weekday
6.434008,2.392548,Serious Injury,2021,8,0,1,Car,Weekday
6.423757,2.403291,Property Damage,2020,3,0,0,Car,Weekend
6.40707,2.453234,Minor Injury,2023,15,0,2,Bicycle,Weekday
6.426755,2.462462,Property Damage,2024,16,0,0,Motorcycle,Weekday
6.387313,2.438942,Property Damage,2020,19,0,0,Motorcycle,Weekday
6.403696,2.454606,Property Damage,2020,15,0,0,Car,Weekend
6.425798,2.459161,Minor Injury,2024,19,0,2,Motorcycle,Weekday
6.411179,2.449135,Property Damage,2022,19,0,0,Car,Weekend
6.402081,2.429961,Property Damage,2021,17,0,0,Motorcycle,Weekday
6.385673,2.437518,Fatal,2022,12,2,1,Bicycle,Weekday
6.404073,2.447074,Property Damage,2023,12,0,0,Bicycle,Weekday
6.394048,2.43673,Property Damage,2022,8,0,0,Car,Weekday
6.386729,2.459447,Property Damage,2024,9,0,0,Motorcycle,Weekday
6.404949,2.441214,Minor Injury,2020,11,0,2,Car,Weekend
6.408757,2.451146,Property Damage,2020,6,0,0,Motorcycle,Weekday
6.438405,2.467897,Property Damage,2021,12,0,0,Car,Weekday
6.389794,2.439779,Minor Injury,2020,11,0,2,Motorcycle,Weekday
6.384351,2.480029,Fatal,2024,18,3,1,Car,Weekday
6.388414,2.436195,Property Damage,2020,21,0,0,Motorcycle,Weekend
6.429726,2.404392,Property Damage,2023,16,0,0,Bicycle,Weekend
6.413634,2.437857,Property Damage,2024,15,0,0,Motorcycle,Weekday
6.421219,2.426748,Minor Injury,2024,16,0,2,Car,Weekday
6.392132,2.458546,Property Damage,2023,13,0,0,Car,Weekday
6.390351,2.464667,Property Damage,2020,15,0,0,Car,Weekday
6.40776,2.451772,Serious Injury,2024,9,0,3,Car,Weekday
6.404455,2.464229,Minor Injury,2021,11,0,2,Car,Weekend
6.419992,2.46224,Minor Injury,2024,18,0,1,Motorcycle,Weekend
6.405214,2.419388,Serious Injury,2024,9,0,2,Bus/Truck,Weekend
6.372161,2.459218,Minor Injury,2021,10,0,2,Car,Weekend
6.403855,2.440484,Minor Injury,2021,6,0,1,Motorcycle,Weekend
6.39973,2.39178,Minor Injury,2024,11,0,2,Bicycle,Weekend
6.409377,2.448325,Serious Injury,2022,20,0,2,Motorcycle,Weekday
6.390084,2.442023,Minor Injury,2020,17,0,2,Motorcycle,Weekend
6.409236,2.459204,Minor Injury,2023,22,0,1,Car,Weekday
6.434734,2.449346,Minor Injury,2024,8,0,1,Motorcycle,Weekday
6.430158,2.409069,Serious Injury,2020,17,0,2,Bicycle,Weekday
6.378606,2.409015,Property Damage,2024,18,0,0,Bus/Truck,Weekday
6.436388,2.462458,Minor Injury,2020,17,0,2,Bicycle,Weekday
6.424041,2.43925,Property Damage,2022,12,0,0,Car,Weekday
6.389243,2.439726,Property Damage,2020,23,0,0,Car,Weekend
6.440743,2.479948,Property Damage,2023,8,0,0,Bicycle,Weekday
6.411666,2.479108,Minor Injury,2024,19,0,1,Car,Weekday
6.413645,2.449949,Minor Injury,2022,19,0,1,Motorcycle,Weekend
6.404915,2.435627,Minor Injury,2023,5,0,2,Motorcycle,Weekday
6.371148,2.425439,Serious Injury,2022,10,0,2,Car,Weekday
6.406841,2.428219,Property Damage,2023,10,0,0,Motorcycle,Weekend
6.396938,2.44033,Minor Injury,2021,2,0,2,Motorcycle,Weekday
6.38836,2.460857,Minor Injury,2020,17,0,1,Car,Weekday
6.407506,2.450061,Property Damage,2023,20,0,0,Motorcycle,Weekday
6.392264,2.427934,Serious Injury,2021,6,0,2,Bus/Truck,Weekday
6.390828,2.457109,Minor Injury,2020,15,0,1,Car,Weekday
6.408838,2.464733,Property Damage,2021,8,0,0,Car,Weekday
6.387567,2.459816,Minor Injury,2022,17,0,1,Motorcycle,Weekday
6.39371,2.460988,Property Damage,2023,16,0,0,Car,Weekday
6.392374,2.440145,Property Damage,2020,8,0,0,Bus/Truck,Weekend
6.433092,2.458859,Property Damage,2024,20,0,0,Motorcycle,Weekday
6.410904,2.44792,Fatal,2020,12,1,1,Motorcycle,Weekday
6.392907,2.443516,Fatal,2020,11,2,2,Motorcycle,Weekday
6.409068,2.455439,Minor Injury,2022,13,0,1,Motorcycle,Weekend
6.433042,2.455192,Property Damage,2023,7,0,0,Car,Weekday
6.393437,2.427796,Property Damage,2021,14,0,0,Car,Weekend
6.410374,2.449143,Minor Injury,2023,22,0,2,Car,Weekday
6.390073,2.471143,Serious Injury,2023,19,0,3,Car,Weekday
6.43867,2.460386,Property Damage,2024,0,0,0,Car,Weekend
6.410931,2.450568,Minor Injury,2022,19,0,2,Motorcycle,Weekday
6.395141,2.43981,Minor Injury,2022,15,0,2,Bus/Truck,Weekday
6.391825,2.455811,Serious Injury,2022,16,0,1,Motorcycle,Weekday
6.39367,2.437544,Property Damage,2021,18,0,0,Motorcycle,Weekday
6.403796,2.44152,Minor Injury,2022,13,0,1,Car,Weekday
6.443874,2.463568,Minor Injury,2023,1,0,2,Motorcycle,Weekend
6.437945,2.415138,Serious Injury,2020,20,0,1,Car,Weekday
6.39114,2.461736,Minor Injury,2022,7,0,1,Motorcycle,Weekend
6.43704,2.460357,Property Damage,2021,15,0,0,Bus/Truck,Weekend
6.404738,2.457243,Serious Injury,2020,19,0,2,Motorcycle,Weekday
6.392462,2.463332,Minor Injury,2022,20,0,2,Motorcycle,Weekend
6.403405,2.410548,Serious Injury,2024,1,0,1,Car,Weekday
6.392108,2.467306,Property Damage,2023,9,0,0,Bicycle,Weekday
6.393145,2.435611,Serious Injury,2020,7,0,3,Car,Weekend
6.38768,2.460515,Property Damage,2020,8,0,0,Car,Weekday
6.418143,2.399963,Minor Injury,2024,17,0,1,Car,Weekend
6.38836,2.433912,Minor Injury,2022,8,0,1,Motorcycle,Weekday
6.383998,2.459676,Minor Injury,2020,5,0,2,Motorcycle,Weekday
6.411055,2.438417,Minor Injury,2020,15,0,2,Car,Weekday
6.410014,2.451116,Property Damage,2024,16,0,0,Motorcycle,Weekday
6.390868,2.441432,Serious Injury,2023,16,0,1,Motorcycle,Weekday
6.388102,2.464559,Minor Injury,2022,18,0,1,Car,Weekday
6.407895,2.437454,Minor Injury,2021,6,0,1,Bus/Truck,Weekday
6.432325,2.446352,Property Damage,2024,14,0,0,Car,Weekday
6.403023,2.443908,Serious Injury,2022,18,0,1,Car,Weekday
6.443705,2.438214,Property Damage,2021,11,0,0,Car,Weekday
6.406703,2.46186,Minor Injury,2020,22,0,1,Car,Weekday
6.395317,2.443516,Property Damage,2022,21,0,0,Car,Weekday
6.433892,2.460702,Fatal,2024,8,2,2,Motorcycle,Weekend
6.406324,2.443339,Property Damage,2021,6,0,0,Bus/Truck,Weekday
6.415337,2.462844,Minor Injury,2023,15,0,1,Motorcycle,Weekday
6.394049,2.438828,Property Damage,2021,3,0,0,Car,Weekday
6.404219,2.461215,Property Damage,2020,4,0,0,Motorcycle,Weekday
6.434232,2.455085,Property Damage,2022,4,0,0,Motorcycle,Weekday
6.409083,2.440055,Minor Injury,2023,7,0,2,Car,Weekday
6.391941,2.427671,Serious Injury,2022,11,0,3,Motorcycle,Weekday
6.438203,2.433859,Minor Injury,2024,17,0,2,Car,Weekend
6.383814,2.440672,Property Damage,2023,12,0,0,Bus/Truck,Weekend
6.409209,2.419541,Property Damage,2024,16,0,0,Motorcycle,Weekday
6.388363,2.440732,Minor Injury,2022,7,0,1,Bus/Truck,Weekday
6.393938,2.459184,Property Damage,2020,7,0,0,Car,Weekday
6.395382,2.419585,Property Damage,2024,12,0,0,Car,Weekend
6.409735,2.451655,Minor Injury,2023,15,0,2,Motorcycle,Weekday
6.401338,2.439945,Minor Injury,2024,17,0,1,Motorcycle,Weekday
6.42114,2.432402,Property Damage,2021,8,0,0,Car,Weekday
6.391022,2.437143,Minor Injury,2022,8,0,1,Bus/Truck,Weekday
6.411611,2.453116,Minor Injury,2023,6,0,2,Car,Weekday
6.430957,2.443293,Serious Injury,2024,16,0,3,Motorcycle,Weekday
6.390049,2.463724,Property Damage,2024,16,0,0,Car,Weekday
6.407747,2.442152,Property Damage,2024,10,0,0,Motorcycle,Weekend
6.399652,2.450646,Minor Injury,2022,15,0,1,Bus/Truck,Weekend
6.390976,2.446592,Serious Injury,2020,17,0,1,Car,Weekend
6.437044,2.41981,Minor Injury,2020,12,0,2,Motorcycle,Weekend
6.39178,2.440431,Minor Injury,2020,8,0,2,Motorcycle,Weekday
6.406372,2.447841,Property Damage,2024,7,0,0,Bicycle,Weekday
6.404629,2.44287,Minor Injury,2023,18,0,2,Motorcycle,Weekday
6.420011,2.460048,Minor Injury,2023,9,0,1,Motorcycle,Weekday
6.407319,2.426525,Serious Injury,2023,22,0,3,Motorcycle,Weekend
6.382096,2.437864,Property Damage,2021,15,0,0,Car,Weekday
6.391747,2.436295,Minor Injury,2020,7,0,2,Car,Weekday
6.394961,2.441954,Property Damage,2024,16,0,0,Motorcycle,Weekday
6.40287,2.43969,Fatal,2023,9,3,1,Bus/Truck,Weekday
6.437684,2.457245,Property Damage,2023,20,0,0,Motorcycle,Weekday
6.437476,2.458501,Serious Injury,2024,15,0,2,Motorcycle,Weekday
6.388253,2.458374,Serious Injury,2022,1,0,2,Car,Weekend
6.389208,2.463008,Property Damage,2023,17,0,0,Motorcycle,Weekday
6.395482,2.457349,Minor Injury,2022,17,0,2,Bus/Truck,Weekend
6.444212,2.41105,Property Damage,2024,6,0,0,Bus/Truck,Weekday
6.391594,2.464177,Minor Injury,2022,18,0,2,Bus/Truck,Weekday
6.444584,2.457536,Minor Injury,2023,18,0,2,Motorcycle,Weekday
6.38914,2.460313,Serious Injury,2020,17,0,3,Car,Weekday
6.413703,2.441054,Serious Injury,2022,18,0,3,Car,Weekend
6.411457,2.449523,Property Damage,2020,9,0,0,Motorcycle,Weekday
6.389836,2.442514,Minor Injury,2021,14,0,1,Motorcycle,Weekday
6.403462,2.455813,Serious Injury,2024,22,0,2,Motorcycle,Weekday
6.392002,2.437728,Minor Injury,2021,15,0,1,Motorcycle,Weekday
6.393839,2.436501,Property Damage,2022,20,0,0,Car,Weekday
6.391509,2.459115,Minor Injury,2020,21,0,2,Motorcycle,Weekday
6.422296,2.39183,Property Damage,2023,7,0,0,Motorcycle,Weekday
6.434963,2.464098,Minor Injury,2022,12,0,1,Car,Weekday
6.387925,2.443698,Minor Injury,2024,13,0,2,Bus/Truck,Weekday
6.438022,2.457548,Minor Injury,2020,18,0,2,Car,Weekend
6.42399,2.443108,Property Damage,2020,22,0,0,Car,Weekday
6.394616,2.468098,Property Damage,2024,13,0,0,Motorcycle,Weekend
6.395359,2.446379,Serious Injury,2022,10,0,2,Car,Weekend
6.391188,2.447848,Minor Injury,2022,19,0,2,Motorcycle,Weekday
6.404416,2.45362,Serious Injury,2022,5,0,2,Motorcycle,Weekend
6.407625,2.462985,Property Damage,2021,6,0,0,Motorcycle,Weekend
6.433067,2.459796,Property Damage,2024,14,0,0,Motorcycle,Weekday
6.405018,2.456299,Property Damage,2023,12,0,0,Car,Weekday
6.409798,2.455609,Property Damage,2021,11,0,0,Bicycle,Weekend
6.387021,2.461877,Serious Injury,2023,9,0,3,Car,Weekday
6.390637,2.481695,Fatal,2023,20,2,0,Motorcycle,Weekday
6.442978,2.441259,Property Damage,2022,12,0,0,Car,Weekday
6.434497,2.438579,Minor Injury,2024,18,0,2,Bicycle,Weekday
6.420494,2.392649,Minor Injury,2023,6,0,2,Motorcycle,Weekday
6.440343,2.463228,Minor Injury,2023,19,0,2,Car,Weekend
6.390207,2.442935,Serious Injury,2020,8,0,1,Car,Weekday
6.39246,2.403508,Serious Injury,2024,19,0,3,Car,Weekend
6.408624,2.443991,Serious Injury,2023,11,0,3,Bus/Truck,Weekday
6.408212,2.438018,Property Damage,2023,7,0,0,Bus/Truck,Weekend
6.406176,2.409846,Fatal,2021,22,1,1,Bus/Truck,Weekday
6.425179,2.414918,Property Damage,2020,11,0,0,Car,Weekday
6.395029,2.461484,Property Damage,2020,18,0,0,Car,Weekday
6.433582,2.427598,Property Damage,2022,12,0,0,Motorcycle,Weekday
6.448009,2.462143,Minor Injury,2021,12,0,1,Bicycle,Weekday
6.411511,2.445634,Minor Injury,2022,18,0,1,Motorcycle,Weekend
6.394847,2.461417,Fatal,2023,17,1,1,Motorcycle,Weekday
6.39162,2.456232,Minor Injury,2022,9,0,1,Car,Weekend
6.406147,2.437874,Serious Injury,2021,21,0,2,Car,Weekday
6.433955,2.466998,Minor Injury,2024,11,0,1,Motorcycle,Weekday
6.416061,2.396112,Property Damage,2021,20,0,0,Motorcycle,Weekday
6.410948,2.44391,Property Damage,2020,19,0,0,Motorcycle,Weekday
6.410473,2.451803,Serious Injury,2022,12,0,3,Bus/Truck,Weekday
6.406762,2.439118,Property Damage,2023,11,0,0,Car,Weekend
6.38807,2.440568,Property Damage,2022,19,0,0,Car,Weekday
6.443533,2.477639,Minor Injury,2020,12,0,2,Bicycle,Weekday
6.386547,2.458304,Property Damage,2022,7,0,0,Car,Weekday
6.396788,2.431826,Serious Injury,2024,7,0,1,Motorcycle,Weekday
6.377259,2.462228,Property Damage,2022,7,0,0,Car,Weekday
6.388425,2.469529,Minor Injury,2020,9,0,2,Motorcycle,Weekend
6.387351,2.467474,Serious Injury,2020,4,0,2,Motorcycle,Weekday
6.43247,2.465639,Minor Injury,2022,10,0,1,Bicycle,Weekday
6.377646,2.434263,Minor Injury,2024,21,0,2,Car,Weekday
6.391712,2.456889,Serious Injury,2023,9,0,3,Bicycle,Weekday
6.39003,2.470624,Minor Injury,2021,11,0,1,Car,Weekday
6.38735,2.438661,Minor Injury,2022,20,0,1,Car,Weekend
6.428478,2.405086,Property Damage,2021,11,0,0,Car,Weekday
6.388744,2.44753,Serious Injury,2023,12,0,3,Motorcycle,Weekend
6.413108,2.444264,Property Damage,2022,21,0,0,Motorcycle,Weekday
6.438059,2.410365,Minor Injury,2020,19,0,2,Car,Weekday
6.418848,2.437739,Property Damage,2022,12,0,0,Car,Weekday
6.384689,2.450856,Serious Injury,2023,19,0,1,Motorcycle,Weekday
6.44957,2.437824,Property Damage,2022,6,0,0,Bicycle,Weekday
6.437662,2.458382,Minor Injury,2024,17,0,1,Motorcycle,Weekday
6.406771,2.433418,Serious Injury,2022,18,0,1,Bus/Truck,Weekday
6.432035,2.40994,Serious Injury,2021,10,0,3,Car,Weekday
6.393415,2.459995,Minor Injury,2024,12,0,2,Motorcycle,Weekday
6.406703,2.442401,Property Damage,2023,19,0,0,Bicycle,Weekday
6.392399,2.462838,Serious Injury,2020,5,0,3,Motorcycle,Weekend
6.385437,2.46138,Property Damage,2023,20,0,0,Bicycle,Weekend
6.436815,2.438525,Minor Injury,2020,16,0,1,Motorcycle,Weekend
6.404306,2.440633,Minor Injury,2022,19,0,2,Motorcycle,Weekend
6.412668,2.453385,Serious Injury,2024,18,0,3,Motorcycle,Weekday
6.437369,2.458239,Minor Injury,2024,13,0,2,Bicycle,Weekday
6.404294,2.454011,Minor Injury,2023,6,0,2,Motorcycle,Weekend
6.387298,2.462103,Property Damage,2022,7,0,0,Motorcycle,Weekend
6.397128,2.437107,Serious Injury,2024,14,0,2,Motorcycle,Weekend
6.390313,2.395962,Minor Injury,2024,22,0,1,Bicycle,Weekday
6.413405,2.450379,Minor Injury,2020,8,0,2,Motorcycle,Weekday
6.376337,2.412273,Property Damage,2022,3,0,0,Bicycle,Weekday
6.404191,2.439356,Serious Injury,2024,11,0,1,Motorcycle,Weekday
6.407275,2.397636,Minor Injury,2022,14,0,1,Motorcycle,Weekday
6.424323,2.457002,Fatal,2024,12,3,0,Car,Weekday
6.389044,2.46175,Minor Injury,2023,12,0,2,Car,Weekday
6.430813,2.454569,Property Damage,2022,16,0,0,Motorcycle,Weekend
6.432272,2.462171,Property Damage,2020,21,0,0,Bicycle,Weekday
6.404137,2.438472,Property Damage,2021,10,0,0,Motorcycle,Weekday
6.431989,2.460982,Serious Injury,2024,16,0,2,Bicycle,Weekend
6.407727,2.430058,Fatal,2023,8,1,1,Motorcycle,Weekday
6.385655,2.454576,Minor Injury,2022,18,0,1,Car,Weekday
6.437255,2.438785,Property Damage,2023,17,0,0,Car,Weekday
6.404577,2.437929,Minor Injury,2020,20,0,2,Motorcycle,Weekday
6.388184,2.441986,Property Damage,2020,23,0,0,Car,Weekday
6.404016,2.435875,Serious Injury,2023,14,0,2,Bus/Truck,Weekend
6.388091,2.461454,Property Damage,2024,22,0,0,Motorcycle,Weekday
6.428511,2.476718,Property Damage,2022,8,0,0,Car,Weekend
6.389915,2.464063,Serious Injury,2021,13,0,1,Motorcycle,Weekday
6.383165,2.458944,Serious Injury,2021,18,0,2,Car,Weekday
6.400813,2.443623,Minor Injury,2022,16,0,1,Motorcycle,Weekday
6.375701,2.442877,Property Damage,2021,8,0,0,Motorcycle,Weekday
6.439381,2.399926,Serious Injury,2022,14,0,1,Bus/Truck,Weekday
6.411822,2.451584,Minor Injury,2020,18,0,2,Motorcycle,Weekday
6.435483,2.455295,Minor Injury,2021,10,0,2,Car,Weekday
6.390144,2.465326,Minor Injury,2024,17,0,2,Motorcycle,Weekday
6.373962,2.424303,Property Damage,2024,17,0,0,Car,Weekday
6.410962,2.448382,Minor Injury,2020,21,0,2,Car,Weekday
6.410199,2.449579,Minor Injury,2021,12,0,2,Motorcycle,Weekday
6.393378,2.441299,Minor Injury,2024,9,0,1,Car,Weekday
6.42727,2.420482,Minor Injury,2020,18,0,2,Motorcycle,Weekday
6.43664,2.443499,Serious Injury,2024,19,0,1,Motorcycle,Weekday
6.436682,2.458688,Minor Injury,2022,18,0,2,Motorcycle,Weekend
6.403191,2.409832,Minor Injury,2023,14,0,2,Motorcycle,Weekday
6.40811,2.452146,Serious Injury,2020,19,0,3,Motorcycle,Weekday
6.44962,2.467793,Minor Injury,2022,19,0,2,Motorcycle,Weekend
6.406337,2.401413,Minor Injury,2022,15,0,1,Car,Weekday
6.435897,2.455605,Property Damage,2022,11,0,0,Motorcycle,Weekday
6.385781,2.460175,Minor Injury,2020,11,0,2,Car,Weekend
6.389994,2.464776,Minor Injury,2024,13,0,1,Motorcycle,Weekday
6.402172,2.440345,Fatal,2020,8,3,1,Car,Weekend
6.442359,2.471962,Serious Injury,2021,11,0,1,Motorcycle,Weekday
6.411454,2.446531,Minor Injury,2021,21,0,1,Car,Weekday
6.437797,2.462702,Property Damage,2021,17,0,0,Car,Weekday
6.406531,2.472672,Serious Injury,2024,9,0,2,Car,Weekday
6.43284,2.457292,Serious Injury,2020,23,0,3,Car,Weekend
6.395361,2.459342,Minor Injury,2024,16,0,2,Bus/Truck,Weekend
6.422452,2.428551,Property Damage,2020,17,0,0,Car,Weekend
6.424517,2.40379,Serious Injury,2020,16,0,3,Motorcycle,Weekend
6.390703,2.448798,Serious Injury,2024,18,0,3,Car,Weekday
6.391841,2.440994,Minor Injury,2023,18,0,2,Car,Weekday
6.372391,2.45857,Property Damage,2023,15,0,0,Car,Weekday
6.391329,2.443571,Property Damage,2024,11,0,0,Car,Weekend
6.412898,2.393938,Property Damage,2022,16,0,0,Motorcycle,Weekend
6.403491,2.434378,Fatal,2021,12,1,1,Bicycle,Weekday
6.386725,2.441857,Serious Injury,2020,18,0,1,Motorcycle,Weekday
6.412816,2.453714,Minor Injury,2022,9,0,2,Motorcycle,Weekday
6.408772,2.408106,Minor Injury,2024,7,0,2,Car,Weekday
6.390821,2.439581,Minor Injury,2024,17,0,1,Bus/Truck,Weekday
6.390663,2.444247,Minor Injury,2024,15,0,1,Car,Weekday
6.434817,2.463528,Minor Injury,2020,11,0,2,Bus/Truck,Weekday
6.390867,2.443835,Serious Injury,2023,17,0,1,Motorcycle,Weekend
6.397265,2.444673,Serious Injury,2023,20,0,3,Motorcycle,Weekday
6.412187,2.449849,Serious Injury,2023,7,0,3,Bus/Truck,Weekend
6.392293,2.459824,Minor Injury,2023,18,0,1,Motorcycle,Weekday
6.437577,2.461632,Serious Injury,2023,10,0,2,Car,Weekday
6.419043,2.467213,Minor Injury,2024,18,0,2,Motorcycle,Weekend
6.392215,2.443374,Minor Injury,2020,16,0,2,Car,Weekend
6.438783,2.459842,Property Damage,2022,16,0,0,Car,Weekend
6.397053,2.463136,Property Damage,2020,11,0,0,Bus/Truck,Weekday
6.43938,2.459697,Property Damage,2024,18,0,0,Motorcycle,Weekday
6.392007,2.445126,Property Damage,2023,14,0,0,Motorcycle,Weekday
6.416437,2.425859,Property Damage,2020,20,0,0,Bus/Truck,Weekday
6.407522,2.441699,Minor Injury,2022,7,0,1,Motorcycle,Weekend
6.389981,2.455624,Property Damage,2022,8,0,0,Car,Weekday
6.391006,2.415705,Property Damage,2021,18,0,0,Motorcycle,Weekend
6.406246,2.452506,Property Damage,2022,11,0,0,Motorcycle,Weekend
6.390721,2.439274,Minor Injury,2020,20,0,1,Car,Weekday
6.43616,2.464138,Property Damage,2023,10,0,0,Car,Weekday
6.384491,2.460396,Serious Injury,2020,7,0,3,Motorcycle,Weekday
6.414889,2.437458,Property Damage,2021,20,0,0,Car,Weekday
6.408217,2.416818,Property Damage,2023,8,0,0,Car,Weekend
